primate	plant	genus	family
Alouatta_belzebul	Spondias_mombin	Spondias	Anacardiaceae
Alouatta_belzebul	Tapirira_guianensis	Tapirira	Anacardiaceae
Alouatta_belzebul	Protium_heptaphyllum	Protium	Burseraceae
Alouatta_belzebul	Symphonia_globulifera	Symphonia	Clusiaceae
Alouatta_belzebul	Dialium_guianense	Dialium	Fabaceae
Alouatta_belzebul	Dioclea_rufescens	Dioclea	Fabaceae
Alouatta_belzebul	Eschweilera_ovata	Eschweilera	Lecythidaceae
Alouatta_belzebul	Byrsonima_sericea	Byrsonima	Malpighiaceae
Alouatta_belzebul	Solanum_variabile	Solanum	Solanaceae
Alouatta_caraya	Bromelia_karatas	Bromelia	Bromeliaceae
Alouatta_caraya	Geoffroea_spinosa	Geoffroea	Fabaceae
Alouatta_caraya	Inga_vera	Inga	Fabaceae
Alouatta_caraya	Nectandra_angustifolia	Nectandra	Lauraceae
Alouatta_caraya	Nectandra_megapotamica	Nectandra	Lauraceae
Alouatta_caraya	Ocotea_diospyrifolia	Ocotea	Lauraceae
Alouatta_caraya	Byrsonima_gardneriana	Byrsonima	Malpighiaceae
Alouatta_caraya	Brosimum_alicastrum	Brosimum	Moraceae
Alouatta_caraya	Ficus_gomelleira	Ficus	Moraceae
Alouatta_caraya	Ficus_guaranitica	Ficus	Moraceae
Alouatta_caraya	Ficus_luschnathiana	Ficus	Moraceae
Alouatta_caraya	Ficus_obtusiuscula	Ficus	Moraceae
Alouatta_caraya	Maclura_tinctoria	Maclura	Moraceae
Alouatta_caraya	Eugenia_burkartiana	Eugenia	Myrtaceae
Alouatta_caraya	Eugenia_punicifolia	Eugenia	Myrtaceae
Alouatta_caraya	Eugenia_pyriformis	Eugenia	Myrtaceae
Alouatta_caraya	Psidium_guajava	Psidium	Myrtaceae
Alouatta_caraya	Phytolacca_dioica	Phytolacca	Phytolaccaceae
Alouatta_caraya	Ziziphus_joazeiro	Ziziphus	Rhamnaceae
Alouatta_caraya	Psychotria_carthagenensis	Psychotria	Rubiaceae
Alouatta_caraya	Banara_arguta	Banara	Salicaceae
Alouatta_caraya	Pouteria_bapeba	Pouteria	Sapotaceae
Alouatta_caraya	Pouteria_salicifolia	Pouteria	Sapotaceae
Alouatta_caraya	Cecropia_pachystachya	Cecropia	Urticaceae
Alouatta_caraya	Urera_aurantiaca	Urera	Urticaceae
Alouatta_caraya	Cissus_palmata	Cissus	Vitaceae
Alouatta_guariba	Lithraea_brasiliensis	Lithraea	Anacardiaceae
Alouatta_guariba	Schinus_terebinthifolius	Schinus	Anacardiaceae
Alouatta_guariba	Tapirira_guianensis	Tapirira	Anacardiaceae
Alouatta_guariba	Annona_cacans	Annona	Annonaceae
Alouatta_guariba	Annona_maritima	Annona	Annonaceae
Alouatta_guariba	Annona_sylvatica	Annona	Annonaceae
Alouatta_guariba	Guatteria_australis	Guatteria	Annonaceae
Alouatta_guariba	Rollinia_sylvatica	Rollinia	Annonaceae
Alouatta_guariba	Ilex_brevicuspis	Ilex	Aquifoliaceae
Alouatta_guariba	Ilex_dumosa	Ilex	Aquifoliaceae
Alouatta_guariba	Ilex_paraguariensis	Ilex	Aquifoliaceae
Alouatta_guariba	Anthurium_scandens	Anthurium	Araceae
Alouatta_guariba	Schefflera_morototoni	Schefflera	Araliaceae
Alouatta_guariba	Butia_capitata	Butia	Arecaceae
Alouatta_guariba	Euterpe_edulis	Euterpe	Arecaceae
Alouatta_guariba	Geonoma_schottiana	Geonoma	Arecaceae
Alouatta_guariba	Syagrus_romanzoffiana	Syagrus	Arecaceae
Alouatta_guariba	Cordia_americana	Cordia	Boraginaceae
Alouatta_guariba	Cordia_ecalyculata	Cordia	Boraginaceae
Alouatta_guariba	Cordia_sellowiana	Cordia	Boraginaceae
Alouatta_guariba	Cereus_hildmannianus	Cereus	Cactaceae
Alouatta_guariba	Pereskia_aculeata	Pereskia	Cactaceae
Alouatta_guariba	Calophyllum_brasiliense	Calophyllum	Calophyllaceae
Alouatta_guariba	Cinamomodendron_dinisii	Cinamomodendron	Canellaceae
Alouatta_guariba	Celtis_iguanaea	Celtis	Cannabaceae
Alouatta_guariba	Celtis_spinosa	Celtis	Cannabaceae
Alouatta_guariba	Trema_micrantha	Trema	Cannabaceae
Alouatta_guariba	Jacaratia_spinosa	Jacaratia	Caricaceae
Alouatta_guariba	Maytenus_robusta	Maytenus	Celastraceae
Alouatta_guariba	Parinari_excelsa	Parinari	Chrysobalanaceae
Alouatta_guariba	Garcinia_brasiliensis	Garcinia	Clusiaceae
Alouatta_guariba	Merremia_dissecta	Merremia	Convolvulaceae
Alouatta_guariba	Diospyros_inconstans	Diospyros	Ebenaceae
Alouatta_guariba	Diospyros_kaki	Diospyros	Ebenaceae
Alouatta_guariba	Erythroxylum_argentinum	Erythroxylum	Erythroxylaceae
Alouatta_guariba	Alchornea_glandulosa	Alchornea	Euphorbiaceae
Alouatta_guariba	Alchornea_triplinervia	Alchornea	Euphorbiaceae
Alouatta_guariba	Sebastiania_serrata	Sebastiania	Euphorbiaceae
Alouatta_guariba	Copaifera_langsdorfii	Copaifera	Fabaceae
Alouatta_guariba	Enterolobium_contortisiliquum	Enterolobium	Fabaceae
Alouatta_guariba	Inga_affinis	Inga	Fabaceae
Alouatta_guariba	Inga_luschnathiana	Inga	Fabaceae
Alouatta_guariba	Inga_striata	Inga	Fabaceae
Alouatta_guariba	Inga_subnuda	Inga	Fabaceae
Alouatta_guariba	Inga_uruguensis	Inga	Fabaceae
Alouatta_guariba	Inga_vera	Inga	Fabaceae
Alouatta_guariba	Pterocarpus_violaceus	Pterocarpus	Fabaceae
Alouatta_guariba	Vantanea_compacta	Vantanea	Humiriaceae
Alouatta_guariba	Vitex_megapotamica	Vitex	Lamiaceae
Alouatta_guariba	Vitex_polygama	Vitex	Lamiaceae
Alouatta_guariba	Cryptocarya_mandioccana	Cryptocarya	Lauraceae
Alouatta_guariba	Cryptocarya_moschata	Cryptocarya	Lauraceae
Alouatta_guariba	Nectandra_megapotamica	Nectandra	Lauraceae
Alouatta_guariba	Nectandra_membranacea	Nectandra	Lauraceae
Alouatta_guariba	Ocotea_corymbosa	Ocotea	Lauraceae
Alouatta_guariba	Ocotea_diospyrifolia	Ocotea	Lauraceae
Alouatta_guariba	Ocotea_minarum	Ocotea	Lauraceae
Alouatta_guariba	Ocotea_odorifera	Ocotea	Lauraceae
Alouatta_guariba	Ocotea_puberula	Ocotea	Lauraceae
Alouatta_guariba	Ocotea_silvestris	Ocotea	Lauraceae
Alouatta_guariba	Strychnos_brasiliensis	Strychnos	Loganiaceae
Alouatta_guariba	Byrsonima_ligustrifolia	Byrsonima	Malpighiaceae
Alouatta_guariba	Ceiba_speciosa	Ceiba	Malvaceae
Alouatta_guariba	Miconia_cabucu	Miconia	Melastomataceae
Alouatta_guariba	Miconia_discolor	Miconia	Melastomataceae
Alouatta_guariba	Miconia_tristis	Miconia	Melastomataceae
Alouatta_guariba	Guarea_kunthiana	Guarea	Meliaceae
Alouatta_guariba	Trichilia_claussenii	Trichilia	Meliaceae
Alouatta_guariba	Abuta_selloana	Abuta	Menispermaceae
Alouatta_guariba	Hyperbaena_domingensis	Hyperbaena	Menispermaceae
Alouatta_guariba	Ficus_adhatodifolia	Ficus	Moraceae
Alouatta_guariba	Ficus_cestrifolia	Ficus	Moraceae
Alouatta_guariba	Ficus_citrifolia	Ficus	Moraceae
Alouatta_guariba	Ficus_enormis	Ficus	Moraceae
Alouatta_guariba	Ficus_eximia	Ficus	Moraceae
Alouatta_guariba	Ficus_gomelleira	Ficus	Moraceae
Alouatta_guariba	Ficus_guaranitica	Ficus	Moraceae
Alouatta_guariba	Ficus_insipida	Ficus	Moraceae
Alouatta_guariba	Ficus_luschnathiana	Ficus	Moraceae
Alouatta_guariba	Ficus_organensis	Ficus	Moraceae
Alouatta_guariba	Ficus_trigonata	Ficus	Moraceae
Alouatta_guariba	Maclura_tinctoria	Maclura	Moraceae
Alouatta_guariba	Sorocea_bonplandii	Sorocea	Moraceae
Alouatta_guariba	Campomanesia_guaviroba	Campomanesia	Myrtaceae
Alouatta_guariba	Campomanesia_xanthocarpa	Campomanesia	Myrtaceae
Alouatta_guariba	Eugenia_cambucarana	Eugenia	Myrtaceae
Alouatta_guariba	Eugenia_involucrata	Eugenia	Myrtaceae
Alouatta_guariba	Eugenia_pyriformis	Eugenia	Myrtaceae
Alouatta_guariba	Eugenia_rostrifolia	Eugenia	Myrtaceae
Alouatta_guariba	Eugenia_uniflora	Eugenia	Myrtaceae
Alouatta_guariba	Myrceugenia_glaucescens	Myrceugenia	Myrtaceae
Alouatta_guariba	Myrcia_glabra	Myrcia	Myrtaceae
Alouatta_guariba	Myrcia_splendens	Myrcia	Myrtaceae
Alouatta_guariba	Myrcianthes_pungens	Myrcianthes	Myrtaceae
Alouatta_guariba	Myrciaria_cuspidata	Myrciaria	Myrtaceae
Alouatta_guariba	Psidium_cattleianum	Psidium	Myrtaceae
Alouatta_guariba	Psidium_guajava	Psidium	Myrtaceae
Alouatta_guariba	Psidium_sartorianum	Psidium	Myrtaceae
Alouatta_guariba	Syzygium_cumini	Syzygium	Myrtaceae
Alouatta_guariba	Guapira_opposita	Guapira	Nyctaginaceae
Alouatta_guariba	Pisonia_aculeata	Pisonia	Nyctaginaceae
Alouatta_guariba	Heisteria_silvianii	Heisteria	Olacaceae
Alouatta_guariba	Ligustrum_lucidum	Ligustrum	Oleaceae
Alouatta_guariba	Passiflora_elegans	Passiflora	Passifloraceae
Alouatta_guariba	Passiflora_foetida	Passiflora	Passifloraceae
Alouatta_guariba	Hieronyma_alchorneoides	Hieronyma	Phyllanthaceae
Alouatta_guariba	Phytolacca_dioica	Phytolacca	Phytolaccaceae
Alouatta_guariba	Diclidanthera_laurifolia	Diclidanthera	Polygalaceae
Alouatta_guariba	Myrsine_coriacea	Myrsine	Primulaceae
Alouatta_guariba	Myrsine_umbellata	Myrsine	Primulaceae
Alouatta_guariba	Hovenia_dulcis	Hovenia	Rhamnaceae
Alouatta_guariba	Eriobotrya_japonica	Eriobotrya	Rosaceae
Alouatta_guariba	Prunus_myrtifolia	Prunus	Rosaceae
Alouatta_guariba	Chiococca_alba	Chiococca	Rubiaceae
Alouatta_guariba	Chomelia_obtusa	Chomelia	Rubiaceae
Alouatta_guariba	Faramea_montevidensis	Faramea	Rubiaceae
Alouatta_guariba	Psychotria_carthagenensis	Psychotria	Rubiaceae
Alouatta_guariba	Psychotria_mapourioides	Psychotria	Rubiaceae
Alouatta_guariba	Citrus_reticulata	Citrus	Rutaceae
Alouatta_guariba	Zanthoxylum_fagara	Zanthoxylum	Rutaceae
Alouatta_guariba	Banara_parviflora	Banara	Salicaceae
Alouatta_guariba	Casearia_decandra	Casearia	Salicaceae
Alouatta_guariba	Allophylus_edulis	Allophylus	Sapindaceae
Alouatta_guariba	Cupania_oblongifolia	Cupania	Sapindaceae
Alouatta_guariba	Cupania_vernalis	Cupania	Sapindaceae
Alouatta_guariba	Cupania_zanthoxyloides	Cupania	Sapindaceae
Alouatta_guariba	Matayba_elaeagnoides	Matayba	Sapindaceae
Alouatta_guariba	Paullinia_marginata	Paullinia	Sapindaceae
Alouatta_guariba	Paullinia_seminuda	Paullinia	Sapindaceae
Alouatta_guariba	Chrysophyllum_gonocarpum	Chrysophyllum	Sapotaceae
Alouatta_guariba	Chrysophyllum_marginatum	Chrysophyllum	Sapotaceae
Alouatta_guariba	Pouteria_bullata	Pouteria	Sapotaceae
Alouatta_guariba	Pouteria_caimito	Pouteria	Sapotaceae
Alouatta_guariba	Sideroxylon_obtusifolium	Sideroxylon	Sapotaceae
Alouatta_guariba	Solanum_aculeatissimum	Solanum	Solanaceae
Alouatta_guariba	Solanum_pseudoquina	Solanum	Solanaceae
Alouatta_guariba	Solanum_rufescens	Solanum	Solanaceae
Alouatta_guariba	Styrax_leprosus	Styrax	Styracaceae
Alouatta_guariba	Symplocos_laxiflora	Symplocos	Symplocaceae
Alouatta_guariba	Cecropia_glaziovii	Cecropia	Urticaceae
Alouatta_guariba	Cecropia_hololeuca	Cecropia	Urticaceae
Alouatta_guariba	Cecropia_pachystachya	Cecropia	Urticaceae
Alouatta_guariba	Coussapoa_microcarpa	Coussapoa	Urticaceae
Alouatta_guariba	Citharexylum_myrianthum	Citharexylum	Verbenaceae
Alouatta_palliata	Spondias_mombin	Spondias	Anacardiaceae
Alouatta_palliata	Annona_jimenezii	Annona	Annonaceae
Alouatta_palliata	Cordia_alba	Cordia	Boraginaceae
Alouatta_palliata	Cordia_alliodora	Cordia	Boraginaceae
Alouatta_palliata	Cordia_stellifera	Cordia	Boraginaceae
Alouatta_palliata	Bursera_simaruba	Bursera	Burseraceae
Alouatta_palliata	Tetragastris_panamensis	Tetragastris	Burseraceae
Alouatta_palliata	Hirtella_racemosa	Hirtella	Chrysobalanaceae
Alouatta_palliata	Albizia_saman	Albizia	Fabaceae
Alouatta_palliata	Cynometra_retusa	Cynometra	Fabaceae
Alouatta_palliata	Dialium_guianense	Dialium	Fabaceae
Alouatta_palliata	Nectandra_ambigens	Nectandra	Lauraceae
Alouatta_palliata	Quararibea_funebris	Quararibea	Malvaceae
Alouatta_palliata	Guarea_guidonia	Guarea	Meliaceae
Alouatta_palliata	Abuta_panamensis	Abuta	Menispermaceae
Alouatta_palliata	Brosimum_alicastrum	Brosimum	Moraceae
Alouatta_palliata	Clarisia_biflora	Clarisia	Moraceae
Alouatta_palliata	Ficus_americana	Ficus	Moraceae
Alouatta_palliata	Ficus_apollinaris	Ficus	Moraceae
Alouatta_palliata	Ficus_benjamina	Ficus	Moraceae
Alouatta_palliata	Ficus_colubrinae	Ficus	Moraceae
Alouatta_palliata	Ficus_cotinifolia	Ficus	Moraceae
Alouatta_palliata	Ficus_insipida	Ficus	Moraceae
Alouatta_palliata	Ficus_obtusiuscula	Ficus	Moraceae
Alouatta_palliata	Maclura_tinctoria	Maclura	Moraceae
Alouatta_palliata	Poulsenia_armata	Poulsenia	Moraceae
Alouatta_palliata	Pseudolmedia_glabrata	Pseudolmedia	Moraceae
Alouatta_palliata	Muntingia_calabura	Muntingia	Muntingiaceae
Alouatta_palliata	Agonandra_macrocarpa	Agonandra	Opiliaceae
Alouatta_palliata	Trichostigma_octandrum	Trichostigma	Phytolaccaceae
Alouatta_palliata	Genipa_americana	Genipa	Rubiaceae
Alouatta_palliata	Zuelania_guidonia	Zuelania	Salicaceae
Alouatta_palliata	Cupania_guatemalensis	Cupania	Sapindaceae
Alouatta_palliata	Manilkara_chicle	Manilkara	Sapotaceae
Alouatta_palliata	Manilkara_zapota	Manilkara	Sapotaceae
Alouatta_palliata	Ampelocera_hottlei	Ampelocera	Ulmaceae
Alouatta_palliata	Cecropia_obtusifolia	Cecropia	Urticaceae
Alouatta_palliata	Citharexylum_affine	Citharexylum	Verbenaceae
Alouatta_pigra	Spondias_mombin	Spondias	Anacardiaceae
Alouatta_pigra	Spondias_radlkoferi	Spondias	Anacardiaceae
Alouatta_pigra	Dendropanax_arboreus	Dendropanax	Araliaceae
Alouatta_pigra	Calophyllum_brasiliense	Calophyllum	Calophyllaceae
Alouatta_pigra	Celtis_iguanaea	Celtis	Cannabaceae
Alouatta_pigra	Hirtella_triandra	Hirtella	Chrysobalanaceae
Alouatta_pigra	Licania_hypoleuca	Licania	Chrysobalanaceae
Alouatta_pigra	Sapium_lateriflorum	Sapium	Euphorbiaceae
Alouatta_pigra	Cynometra_retusa	Cynometra	Fabaceae
Alouatta_pigra	Dialium_guianense	Dialium	Fabaceae
Alouatta_pigra	Guarea_glabra	Guarea	Meliaceae
Alouatta_pigra	Brosimum_lactescens	Brosimum	Moraceae
Alouatta_pigra	Ficus_americana	Ficus	Moraceae
Alouatta_pigra	Ficus_apollinaris	Ficus	Moraceae
Alouatta_pigra	Ficus_aurea	Ficus	Moraceae
Alouatta_pigra	Ficus_colubrinae	Ficus	Moraceae
Alouatta_pigra	Ficus_insipida	Ficus	Moraceae
Alouatta_pigra	Ficus_pertusa	Ficus	Moraceae
Alouatta_pigra	Poulsenia_armata	Poulsenia	Moraceae
Alouatta_pigra	Pseudolmedia_glabrata	Pseudolmedia	Moraceae
Alouatta_pigra	Trophis_racemosa	Trophis	Moraceae
Alouatta_pigra	Virola_guatemalensis	Virola	Myristicaceae
Alouatta_pigra	Trichostigma_octandrum	Trichostigma	Phytolaccaceae
Alouatta_pigra	Chrysophyllum_mexicanum	Chrysophyllum	Sapotaceae
Alouatta_pigra	Pouteria_campechiana	Pouteria	Sapotaceae
Alouatta_pigra	Ampelocera_hottlei	Ampelocera	Ulmaceae
Alouatta_pigra	Cecropia_obtusifolia	Cecropia	Urticaceae
Alouatta_pigra	Coussapoa_purpusii	Coussapoa	Urticaceae
Alouatta_pigra	Pourouma_bicolor	Pourouma	Urticaceae
Alouatta_pigra	Cissus_microcarpa	Cissus	Vitaceae
Alouatta_seniculus	Tapirira_guianensis	Tapirira	Anacardiaceae
Alouatta_seniculus	Tapirira_obtusa	Tapirira	Anacardiaceae
Alouatta_seniculus	Annona_haematantha	Annona	Annonaceae
Alouatta_seniculus	Guatteria_acutissima	Guatteria	Annonaceae
Alouatta_seniculus	Lacmellea_aculeata	Lacmellea	Apocynaceae
Alouatta_seniculus	Parahancornia_fasciculata	Parahancornia	Apocynaceae
Alouatta_seniculus	Heteropsis_flexuosa	Heteropsis	Araceae
Alouatta_seniculus	Dendropanax_macrophyllus	Dendropanax	Araliaceae
Alouatta_seniculus	Schefflera_decaphylla	Schefflera	Araliaceae
Alouatta_seniculus	Cordia_lomatoloba	Cordia	Boraginaceae
Alouatta_seniculus	Protium_tenuifolium	Protium	Burseraceae
Alouatta_seniculus	Tetragastris_altissima	Tetragastris	Burseraceae
Alouatta_seniculus	Tetragastris_panamensis	Tetragastris	Burseraceae
Alouatta_seniculus	Dendrobangia_boliviana	Dendrobangia	Cardiopteridaceae
Alouatta_seniculus	Jacaratia_spinosa	Jacaratia	Caricaceae
Alouatta_seniculus	Salacia_cordata	Salacia	Celastraceae
Alouatta_seniculus	Licania_membranacea	Licania	Chrysobalanaceae
Alouatta_seniculus	Ludovia_lancifolia	Ludovia	Cyclanthaceae
Alouatta_seniculus	Thoracocarpus_bissectus	Thoracocarpus	Cyclanthaceae
Alouatta_seniculus	Davilla_nitida	Davilla	Dilleniaceae
Alouatta_seniculus	Inga_acreana	Inga	Fabaceae
Alouatta_seniculus	Inga_cylindrica	Inga	Fabaceae
Alouatta_seniculus	Goupia_glabra	Goupia	Goupiaceae
Alouatta_seniculus	Byrsonima_crispa	Byrsonima	Malpighiaceae
Alouatta_seniculus	Miconia_acuminifera	Miconia	Melastomataceae
Alouatta_seniculus	Miconia_holosericea	Miconia	Melastomataceae
Alouatta_seniculus	Mouriri_crassifolia	Mouriri	Melastomataceae
Alouatta_seniculus	Bagassa_guianensis	Bagassa	Moraceae
Alouatta_seniculus	Brosimum_lactescens	Brosimum	Moraceae
Alouatta_seniculus	Brosimum_parinarioides	Brosimum	Moraceae
Alouatta_seniculus	Castilla_ulei	Castilla	Moraceae
Alouatta_seniculus	Ficus_amazonica	Ficus	Moraceae
Alouatta_seniculus	Ficus_americana	Ficus	Moraceae
Alouatta_seniculus	Ficus_broadwayi	Ficus	Moraceae
Alouatta_seniculus	Ficus_coerulescens	Ficus	Moraceae
Alouatta_seniculus	Ficus_erythrosticta	Ficus	Moraceae
Alouatta_seniculus	Ficus_gomelleira	Ficus	Moraceae
Alouatta_seniculus	Ficus_insipida	Ficus	Moraceae
Alouatta_seniculus	Ficus_killipi	Ficus	Moraceae
Alouatta_seniculus	Ficus_maxima	Ficus	Moraceae
Alouatta_seniculus	Ficus_nymphaeifolia	Ficus	Moraceae
Alouatta_seniculus	Ficus_paraensis	Ficus	Moraceae
Alouatta_seniculus	Ficus_pertusa	Ficus	Moraceae
Alouatta_seniculus	Ficus_pseudokillipi	Ficus	Moraceae
Alouatta_seniculus	Ficus_tonduzii	Ficus	Moraceae
Alouatta_seniculus	Ficus_trigona	Ficus	Moraceae
Alouatta_seniculus	Helicostylis_pedunculata	Helicostylis	Moraceae
Alouatta_seniculus	Perebea_mollis	Perebea	Moraceae
Alouatta_seniculus	Perebea_xanthochyma	Perebea	Moraceae
Alouatta_seniculus	Pseudolmedia_laevigata	Pseudolmedia	Moraceae
Alouatta_seniculus	Pseudolmedia_laevis	Pseudolmedia	Moraceae
Alouatta_seniculus	Trymatococcus_oligandrus	Trymatococcus	Moraceae
Alouatta_seniculus	Iryanthera_sagotiana	Iryanthera	Myristicaceae
Alouatta_seniculus	Virola_michelii	Virola	Myristicaceae
Alouatta_seniculus	Virola_surinamensis	Virola	Myristicaceae
Alouatta_seniculus	Guapira_cuspidata	Guapira	Nyctaginaceae
Alouatta_seniculus	Quiina_obovata	Quiina	Ochnaceae
Alouatta_seniculus	Minquartia_guianensis	Minquartia	Olacaceae
Alouatta_seniculus	Trichostigma_octandrum	Trichostigma	Phytolaccaceae
Alouatta_seniculus	Moutabea_guianensis	Moutabea	Polygalaceae
Alouatta_seniculus	Coccoloba_densifrons	Coccoloba	Polygonaceae
Alouatta_seniculus	Coccoloba_excelsa	Coccoloba	Polygonaceae
Alouatta_seniculus	Drypetes_variabilis	Drypetes	Putranjivaceae
Alouatta_seniculus	Ziziphus_cinnamomum	Ziziphus	Rhamnaceae
Alouatta_seniculus	Stenostomum_acreanum	Stenostomum	Rubiaceae
Alouatta_seniculus	Laetia_procera	Laetia	Salicaceae
Alouatta_seniculus	Phoradendron_piperoides	Phoradendron	Santalaceae
Alouatta_seniculus	Allophylus_mollis	Allophylus	Sapindaceae
Alouatta_seniculus	Chrysophyllum_lucentifolium	Chrysophyllum	Sapotaceae
Alouatta_seniculus	Chrysophyllum_pomiferum	Chrysophyllum	Sapotaceae
Alouatta_seniculus	Chrysophyllum_prieurii	Chrysophyllum	Sapotaceae
Alouatta_seniculus	Chrysophyllum_venezolense	Chrysophyllum	Sapotaceae
Alouatta_seniculus	Ecclinusa_guianensis	Ecclinusa	Sapotaceae
Alouatta_seniculus	Ecclinusa_lanceolata	Ecclinusa	Sapotaceae
Alouatta_seniculus	Manilkara_bidentata	Manilkara	Sapotaceae
Alouatta_seniculus	Manilkara_elata	Manilkara	Sapotaceae
Alouatta_seniculus	Micropholis_cayennensis	Micropholis	Sapotaceae
Alouatta_seniculus	Micropholis_guyanensis	Micropholis	Sapotaceae
Alouatta_seniculus	Micropholis_mensalis	Micropholis	Sapotaceae
Alouatta_seniculus	Micropholis_obscura	Micropholis	Sapotaceae
Alouatta_seniculus	Pouteria_ambelaniifolia	Pouteria	Sapotaceae
Alouatta_seniculus	Pouteria_bilocularis	Pouteria	Sapotaceae
Alouatta_seniculus	Pouteria_egregia	Pouteria	Sapotaceae
Alouatta_seniculus	Pouteria_filipes	Pouteria	Sapotaceae
Alouatta_seniculus	Pouteria_hispida	Pouteria	Sapotaceae
Alouatta_seniculus	Pouteria_laevigata	Pouteria	Sapotaceae
Alouatta_seniculus	Pouteria_torta	Pouteria	Sapotaceae
Alouatta_seniculus	Cecropia_obtusa	Cecropia	Urticaceae
Alouatta_seniculus	Cecropia_sciadophylla	Cecropia	Urticaceae
Alouatta_seniculus	Cecropia_telealba	Cecropia	Urticaceae
Alouatta_seniculus	Coussapoa_latifolia	Coussapoa	Urticaceae
Alouatta_seniculus	Coussapoa_ovalifolia	Coussapoa	Urticaceae
Alouatta_seniculus	Pourouma_bicolor	Pourouma	Urticaceae
Alouatta_seniculus	Pourouma_melinonii	Pourouma	Urticaceae
Alouatta_seniculus	Pourouma_mollis	Pourouma	Urticaceae
Alouatta_seniculus	Pourouma_tomentosa	Pourouma	Urticaceae
Alouatta_seniculus	Pourouma_villosa	Pourouma	Urticaceae
Ateles_belzebuth	Spondias_mombin	Spondias	Anacardiaceae
Ateles_belzebuth	Tapirira_guianensis	Tapirira	Anacardiaceae
Ateles_belzebuth	Annona_helosioides	Annona	Annonaceae
Ateles_belzebuth	Annona_herzogii	Annona	Annonaceae
Ateles_belzebuth	Annona_papilionella	Annona	Annonaceae
Ateles_belzebuth	Duguetia_lucida	Duguetia	Annonaceae
Ateles_belzebuth	Pseudomalmea_diclina	Pseudomalmea	Annonaceae
Ateles_belzebuth	Pacouria_boliviensis	Pacouria	Apocynaceae
Ateles_belzebuth	Dendropanax_arboreus	Dendropanax	Araliaceae
Ateles_belzebuth	Schefflera_morototoni	Schefflera	Araliaceae
Ateles_belzebuth	Iriartea_deltoidea	Iriartea	Arecaceae
Ateles_belzebuth	Oenocarpus_bataua	Oenocarpus	Arecaceae
Ateles_belzebuth	Socratea_exorrhiza	Socratea	Arecaceae
Ateles_belzebuth	Bursera_inversa	Bursera	Burseraceae
Ateles_belzebuth	Protium_crenatum	Protium	Burseraceae
Ateles_belzebuth	Protium_sagotianum	Protium	Burseraceae
Ateles_belzebuth	Tetragastris_panamensis	Tetragastris	Burseraceae
Ateles_belzebuth	Celtis_iguanaea	Celtis	Cannabaceae
Ateles_belzebuth	Jacaratia_digitata	Jacaratia	Caricaceae
Ateles_belzebuth	Jacaratia_spinosa	Jacaratia	Caricaceae
Ateles_belzebuth	Hirtella_excelsa	Hirtella	Chrysobalanaceae
Ateles_belzebuth	Hirtella_triandra	Hirtella	Chrysobalanaceae
Ateles_belzebuth	Garcinia_macrophylla	Garcinia	Clusiaceae
Ateles_belzebuth	Dicranostyles_ampla	Dicranostyles	Convolvulaceae
Ateles_belzebuth	Dioscorea_acanthogene	Dioscorea	Dioscoreaceae
Ateles_belzebuth	Diospyros_artanthifolia	Diospyros	Ebenaceae
Ateles_belzebuth	Sapium_glandulosum	Sapium	Euphorbiaceae
Ateles_belzebuth	Inga_edulis	Inga	Fabaceae
Ateles_belzebuth	Inga_oerstediana	Inga	Fabaceae
Ateles_belzebuth	Ocotea_fasciculata	Ocotea	Lauraceae
Ateles_belzebuth	Guazuma_ulmifolia	Guazuma	Malvaceae
Ateles_belzebuth	Quararibea_cordata	Quararibea	Malvaceae
Ateles_belzebuth	Quararibea_wittii	Quararibea	Malvaceae
Ateles_belzebuth	Guarea_kunthiana	Guarea	Meliaceae
Ateles_belzebuth	Guarea_purusana	Guarea	Meliaceae
Ateles_belzebuth	Trichilia_laxipaniculata	Trichilia	Meliaceae
Ateles_belzebuth	Trichilia_tuberculata	Trichilia	Meliaceae
Ateles_belzebuth	Abuta_chloranthua	Abuta	Menispermaceae
Ateles_belzebuth	Anomospermum_grandifolium	Anomospermum	Menispermaceae
Ateles_belzebuth	Borismene_japurensis	Borismene	Menispermaceae
Ateles_belzebuth	Odontocarya_arifolia	Odontocarya	Menispermaceae
Ateles_belzebuth	Sciadotenia_toxifera	Sciadotenia	Menispermaceae
Ateles_belzebuth	Batocarpus_amazonicus	Batocarpus	Moraceae
Ateles_belzebuth	Brosimum_alicastrum	Brosimum	Moraceae
Ateles_belzebuth	Brosimum_lactescens	Brosimum	Moraceae
Ateles_belzebuth	Castilla_ulei	Castilla	Moraceae
Ateles_belzebuth	Clarisia_racemosa	Clarisia	Moraceae
Ateles_belzebuth	Ficus_boliviana	Ficus	Moraceae
Ateles_belzebuth	Ficus_coerulescens	Ficus	Moraceae
Ateles_belzebuth	Ficus_eximia	Ficus	Moraceae
Ateles_belzebuth	Ficus_gomelleira	Ficus	Moraceae
Ateles_belzebuth	Ficus_insipida	Ficus	Moraceae
Ateles_belzebuth	Ficus_maxima	Ficus	Moraceae
Ateles_belzebuth	Ficus_pertusa	Ficus	Moraceae
Ateles_belzebuth	Ficus_trigona	Ficus	Moraceae
Ateles_belzebuth	Ficus_trigonata	Ficus	Moraceae
Ateles_belzebuth	Ficus_ypsilophlebia	Ficus	Moraceae
Ateles_belzebuth	Naucleopsis_glabra	Naucleopsis	Moraceae
Ateles_belzebuth	Naucleopsis_ulei	Naucleopsis	Moraceae
Ateles_belzebuth	Perebea_xanthochyma	Perebea	Moraceae
Ateles_belzebuth	Pseudolmedia_laevis	Pseudolmedia	Moraceae
Ateles_belzebuth	Otoba_parvifolia	Otoba	Myristicaceae
Ateles_belzebuth	Virola_calophylla	Virola	Myristicaceae
Ateles_belzebuth	Virola_flexuosa	Virola	Myristicaceae
Ateles_belzebuth	Virola_obovata	Virola	Myristicaceae
Ateles_belzebuth	Virola_pavonis	Virola	Myristicaceae
Ateles_belzebuth	Virola_sebifera	Virola	Myristicaceae
Ateles_belzebuth	Hieronyma_alchorneoides	Hieronyma	Phyllanthaceae
Ateles_belzebuth	Trichostigma_octandrum	Trichostigma	Phytolaccaceae
Ateles_belzebuth	Ziziphus_cinnamomum	Ziziphus	Rhamnaceae
Ateles_belzebuth	Prunus_debilis	Prunus	Rosaceae
Ateles_belzebuth	Prunus_vana	Prunus	Rosaceae
Ateles_belzebuth	Cordiera_hadrantha	Cordiera	Rubiaceae
Ateles_belzebuth	Cordiera_macrophylla	Cordiera	Rubiaceae
Ateles_belzebuth	Faramea_tamberlikiana	Faramea	Rubiaceae
Ateles_belzebuth	Zanthoxylum_rhoifolium	Zanthoxylum	Rutaceae
Ateles_belzebuth	Paullinia_elegans	Paullinia	Sapindaceae
Ateles_belzebuth	Talisia_esculenta	Talisia	Sapindaceae
Ateles_belzebuth	Chrysophyllum_venezolense	Chrysophyllum	Sapotaceae
Ateles_belzebuth	Manilkara_bidentata	Manilkara	Sapotaceae
Ateles_belzebuth	Micropholis_egensis	Micropholis	Sapotaceae
Ateles_belzebuth	Micropholis_guyanensis	Micropholis	Sapotaceae
Ateles_belzebuth	Pouteria_hispida	Pouteria	Sapotaceae
Ateles_belzebuth	Pouteria_nemorosa	Pouteria	Sapotaceae
Ateles_belzebuth	Pradosia_surinamensis	Pradosia	Sapotaceae
Ateles_belzebuth	Simarouba_amara	Simarouba	Simaroubaceae
Ateles_belzebuth	Ampelocera_ruizii	Ampelocera	Ulmaceae
Ateles_belzebuth	Cecropia_concolor	Cecropia	Urticaceae
Ateles_belzebuth	Coussapoa_orthoneura	Coussapoa	Urticaceae
Ateles_belzebuth	Coussapoa_ovalifolia	Coussapoa	Urticaceae
Ateles_belzebuth	Leonia_crassa	Leonia	Violaceae
Ateles_belzebuth	Leonia_glycycarpa	Leonia	Violaceae
Ateles_belzebuth	Cissus_biformifolia	Cissus	Vitaceae
Ateles_geoffroyi	Spondias_mombin	Spondias	Anacardiaceae
Ateles_geoffroyi	Spondias_radlkoferi	Spondias	Anacardiaceae
Ateles_geoffroyi	Cymbopetalum_penduliflorum	Cymbopetalum	Annonaceae
Ateles_geoffroyi	Dendropanax_arboreus	Dendropanax	Araliaceae
Ateles_geoffroyi	Attalea_butyracea	Attalea	Arecaceae
Ateles_geoffroyi	Bactris_major	Bactris	Arecaceae
Ateles_geoffroyi	Bactris_mexicana	Bactris	Arecaceae
Ateles_geoffroyi	Chamaedorea_tepejilote	Chamaedorea	Arecaceae
Ateles_geoffroyi	Desmoncus_chinantlensis	Desmoncus	Arecaceae
Ateles_geoffroyi	Desmoncus_orthacanthos	Desmoncus	Arecaceae
Ateles_geoffroyi	Sabal_mexicana	Sabal	Arecaceae
Ateles_geoffroyi	Batis_maritima	Batis	Bataceae
Ateles_geoffroyi	Bursera_simaruba	Bursera	Burseraceae
Ateles_geoffroyi	Celtis_iguanaea	Celtis	Cannabaceae
Ateles_geoffroyi	Hirtella_racemosa	Hirtella	Chrysobalanaceae
Ateles_geoffroyi	Hirtella_triandra	Hirtella	Chrysobalanaceae
Ateles_geoffroyi	Licania_hypoleuca	Licania	Chrysobalanaceae
Ateles_geoffroyi	Garcinia_buchneri	Garcinia	Clusiaceae
Ateles_geoffroyi	Garcinia_intermedia	Garcinia	Clusiaceae
Ateles_geoffroyi	Rourea_glabra	Rourea	Connaraceae
Ateles_geoffroyi	Acacia_farnesiana	Acacia	Fabaceae
Ateles_geoffroyi	Dialium_guianense	Dialium	Fabaceae
Ateles_geoffroyi	Inga_punctata	Inga	Fabaceae
Ateles_geoffroyi	Swartzia_cubensis	Swartzia	Fabaceae
Ateles_geoffroyi	Vachellia_cornigera	Vachellia	Fabaceae
Ateles_geoffroyi	Vismia_baccifera	Vismia	Hypericaceae
Ateles_geoffroyi	Nectandra_ambigens	Nectandra	Lauraceae
Ateles_geoffroyi	Ocotea_veraguensis	Ocotea	Lauraceae
Ateles_geoffroyi	Strychnos_panamensis	Strychnos	Loganiaceae
Ateles_geoffroyi	Magnolia_mexicana	Magnolia	Magnoliaceae
Ateles_geoffroyi	Guazuma_ulmifolia	Guazuma	Malvaceae
Ateles_geoffroyi	Theobroma_cacao	Theobroma	Malvaceae
Ateles_geoffroyi	Guarea_glabra	Guarea	Meliaceae
Ateles_geoffroyi	Guarea_guidonia	Guarea	Meliaceae
Ateles_geoffroyi	Abuta_panamensis	Abuta	Menispermaceae
Ateles_geoffroyi	Brosimum_lactescens	Brosimum	Moraceae
Ateles_geoffroyi	Castilla_elastica	Castilla	Moraceae
Ateles_geoffroyi	Clarisia_racemosa	Clarisia	Moraceae
Ateles_geoffroyi	Ficus_aurea	Ficus	Moraceae
Ateles_geoffroyi	Ficus_insipida	Ficus	Moraceae
Ateles_geoffroyi	Pseudolmedia_glabrata	Pseudolmedia	Moraceae
Ateles_geoffroyi	Trophis_mexicana	Trophis	Moraceae
Ateles_geoffroyi	Trophis_racemosa	Trophis	Moraceae
Ateles_geoffroyi	Muntingia_calabura	Muntingia	Muntingiaceae
Ateles_geoffroyi	Virola_guatemalensis	Virola	Myristicaceae
Ateles_geoffroyi	Chionanthus_ligustrinus	Chionanthus	Oleaceae
Ateles_geoffroyi	Passiflora_helleri	Passiflora	Passifloraceae
Ateles_geoffroyi	Trichostigma_octandrum	Trichostigma	Phytolaccaceae
Ateles_geoffroyi	Coccoloba_venosa	Coccoloba	Polygonaceae
Ateles_geoffroyi	Ardisia_revoluta	Ardisia	Primulaceae
Ateles_geoffroyi	Faramea_occidentalis	Faramea	Rubiaceae
Ateles_geoffroyi	Genipa_americana	Genipa	Rubiaceae
Ateles_geoffroyi	Hamelia_patens	Hamelia	Rubiaceae
Ateles_geoffroyi	Palicourea_tetragona	Palicourea	Rubiaceae
Ateles_geoffroyi	Posoqueria_latifolia	Posoqueria	Rubiaceae
Ateles_geoffroyi	Casearia_arguta	Casearia	Salicaceae
Ateles_geoffroyi	Dilodendron_costaricense	Dilodendron	Sapindaceae
Ateles_geoffroyi	Paullinia_costata	Paullinia	Sapindaceae
Ateles_geoffroyi	Manilkara_chicle	Manilkara	Sapotaceae
Ateles_geoffroyi	Pouteria_campechiana	Pouteria	Sapotaceae
Ateles_geoffroyi	Ampelocera_hottlei	Ampelocera	Ulmaceae
Ateles_geoffroyi	Cecropia_peltata	Cecropia	Urticaceae
Ateles_geoffroyi	Cissus_microcarpa	Cissus	Vitaceae
Ateles_geoffroyi	Cissus_verticillata	Cissus	Vitaceae
Ateles_paniscus	Guatteria_acutissima	Guatteria	Annonaceae
Ateles_paniscus	Guatteria_acuttisima	Guatteria	Annonaceae
Ateles_paniscus	Pacouria_boliviensis	Pacouria	Apocynaceae
Ateles_paniscus	Iriartea_deltoidea	Iriartea	Arecaceae
Ateles_paniscus	Hirtella_excelsa	Hirtella	Chrysobalanaceae
Ateles_paniscus	Licania_britteniana	Licania	Chrysobalanaceae
Ateles_paniscus	Diospyros_pavoni	Diospyros	Ebenaceae
Ateles_paniscus	Apeiba_membranacea	Apeiba	Malvaceae
Ateles_paniscus	Matisia_cordata	Matisia	Malvaceae
Ateles_paniscus	Quararibea_wittii	Quararibea	Malvaceae
Ateles_paniscus	Strychnos_asperula	Strychnos	Malvaceae
Ateles_paniscus	Guarea_kunthiana	Guarea	Meliaceae
Ateles_paniscus	Trichilia_quadrijuga	Trichilia	Meliaceae
Ateles_paniscus	Abuta_chloranthua	Abuta	Menispermaceae
Ateles_paniscus	Anomospermum_grandifolium	Anomospermum	Menispermaceae
Ateles_paniscus	Borismene_japurensis	Borismene	Menispermaceae
Ateles_paniscus	Odontacarya_artifolia	Odontacarya	Menispermaceae
Ateles_paniscus	Sciadotenia_toxifera	Sciadotenia	Menispermaceae
Ateles_paniscus	Batocarpus_amazonicus	Batocarpus	Moraceae
Ateles_paniscus	Brosimum_alicastrum	Brosimum	Moraceae
Ateles_paniscus	Brosimum_lactescens	Brosimum	Moraceae
Ateles_paniscus	Clarisia_biflora	Clarisia	Moraceae
Ateles_paniscus	Clarisia_racemosa	Clarisia	Moraceae
Ateles_paniscus	Ficus_erythrosticta	Ficus	Moraceae
Ateles_paniscus	Ficus_insipida	Ficus	Moraceae
Ateles_paniscus	Ficus_killipi	Ficus	Moraceae
Ateles_paniscus	Ficus_maxima	Ficus	Moraceae
Ateles_paniscus	Ficus_pertusa	Ficus	Moraceae
Ateles_paniscus	Ficus_trigona	Ficus	Moraceae
Ateles_paniscus	Ficus_trigonata	Ficus	Moraceae
Ateles_paniscus	Ficus_ypsilophlebia	Ficus	Moraceae
Ateles_paniscus	Pseudolmedia_laevis	Pseudolmedia	Moraceae
Ateles_paniscus	Virola_calophylla	Virola	Myristicaceae
Ateles_paniscus	Virola_sebifera	Virola	Myristicaceae
Ateles_paniscus	Trichostigma_octandrum	Trichostigma	Phytolaccaceae
Ateles_paniscus	Ziziphus_cinnamomum	Ziziphus	Rhamnaceae
Ateles_paniscus	Prunus_vana	Prunus	Rosaceae
Ateles_paniscus	Paullinia_hystrix	Paullinia	Sapindaceae
Ateles_paniscus	Chrysophyllum_venezolense	Chrysophyllum	Sapotaceae
Ateles_paniscus	Micropholis_egensis	Micropholis	Sapotaceae
Ateles_paniscus	Pouteria_ephedranta	Pouteria	Sapotaceae
Ateles_paniscus	Ampelocera_ruizii	Ampelocera	Ulmaceae
Ateles_paniscus	Coussapoa_ovalifolia	Coussapoa	Urticaceae
Ateles_paniscus	Leonia_glycycarpa	Leonia	Violaceae
Brachyteles_arachnoides	Carpotroche_brasiliensis	Carpotroche	Achariaceae
Brachyteles_arachnoides	Tapirira_guianensis	Tapirira	Anacardiaceae
Brachyteles_arachnoides	Annona_neosericea	Annona	Annonaceae
Brachyteles_arachnoides	Duguetia_lanceolata	Duguetia	Annonaceae
Brachyteles_arachnoides	Guatteria_australis	Guatteria	Annonaceae
Brachyteles_arachnoides	Anthurium_harrisii	Anthurium	Araceae
Brachyteles_arachnoides	Heteropsis_oblongifolia	Heteropsis	Araceae
Brachyteles_arachnoides	Monstera_adansonii	Monstera	Araceae
Brachyteles_arachnoides	Philodendron_appendiculatum	Philodendron	Araceae
Brachyteles_arachnoides	Philodendron_corcovadense	Philodendron	Araceae
Brachyteles_arachnoides	Philodendron_imbe	Philodendron	Araceae
Brachyteles_arachnoides	Schefflera_angustissima	Schefflera	Araliaceae
Brachyteles_arachnoides	Schefflera_calva	Schefflera	Araliaceae
Brachyteles_arachnoides	Syagrus_romanzoffiana	Syagrus	Arecaceae
Brachyteles_arachnoides	Cordia_sellowiana	Cordia	Boraginaceae
Brachyteles_arachnoides	Cinnamodendron_dinisii	Cinnamodendron	Canellaceae
Brachyteles_arachnoides	Celtis_spinosa	Celtis	Cannabaceae
Brachyteles_arachnoides	Jacaratia_spinosa	Jacaratia	Caricaceae
Brachyteles_arachnoides	Cheiloclinium_serratum	Cheiloclinium	Celastraceae
Brachyteles_arachnoides	Maytenus_aquifolia	Maytenus	Celastraceae
Brachyteles_arachnoides	Maytenus_cestrifolia	Maytenus	Celastraceae
Brachyteles_arachnoides	Parinari_excelsa	Parinari	Chrysobalanaceae
Brachyteles_arachnoides	Garcinia_brasiliensis	Garcinia	Clusiaceae
Brachyteles_arachnoides	Garcinia_gardneriana	Garcinia	Clusiaceae
Brachyteles_arachnoides	Buchenavia_kleinii	Buchenavia	Combretaceae
Brachyteles_arachnoides	Alchornea_glandulosa	Alchornea	Euphorbiaceae
Brachyteles_arachnoides	Alchornea_triplinervia	Alchornea	Euphorbiaceae
Brachyteles_arachnoides	Copaifera_trapezifolia	Copaifera	Fabaceae
Brachyteles_arachnoides	Hymenaea_altissima	Hymenaea	Fabaceae
Brachyteles_arachnoides	Hymenaea_courbaril	Hymenaea	Fabaceae
Brachyteles_arachnoides	Inga_marginata	Inga	Fabaceae
Brachyteles_arachnoides	Inga_sessilis	Inga	Fabaceae
Brachyteles_arachnoides	Vantanea_compacta	Vantanea	Humiriaceae
Brachyteles_arachnoides	Beilschmiedia_emarginata	Beilschmiedia	Lauraceae
Brachyteles_arachnoides	Cryptocarya_mandioccana	Cryptocarya	Lauraceae
Brachyteles_arachnoides	Cryptocarya_moschata	Cryptocarya	Lauraceae
Brachyteles_arachnoides	Endlicheria_paniculata	Endlicheria	Lauraceae
Brachyteles_arachnoides	Nectandra_lanceolata	Nectandra	Lauraceae
Brachyteles_arachnoides	Ocotea_corymbosa	Ocotea	Lauraceae
Brachyteles_arachnoides	Ocotea_diospyrifolia	Ocotea	Lauraceae
Brachyteles_arachnoides	Ocotea_odorifera	Ocotea	Lauraceae
Brachyteles_arachnoides	Ocotea_porosa	Ocotea	Lauraceae
Brachyteles_arachnoides	Strychnos_trinervis	Strychnos	Loganiaceae
Brachyteles_arachnoides	Byrsonima_crassifolia	Byrsonima	Malpighiaceae
Brachyteles_arachnoides	Marcgravia_polyantha	Marcgravia	Marcgraviaceae
Brachyteles_arachnoides	Schwartzia_brasiliensis	Schwartzia	Marcgraviaceae
Brachyteles_arachnoides	Miconia_cabucu	Miconia	Melastomataceae
Brachyteles_arachnoides	Miconia_cinnamomifolia	Miconia	Melastomataceae
Brachyteles_arachnoides	Abuta_selloana	Abuta	Menispermaceae
Brachyteles_arachnoides	Ficus_enormis	Ficus	Moraceae
Brachyteles_arachnoides	Ficus_gomelleira	Ficus	Moraceae
Brachyteles_arachnoides	Ficus_guaranitica	Ficus	Moraceae
Brachyteles_arachnoides	Ficus_insipida	Ficus	Moraceae
Brachyteles_arachnoides	Ficus_organensis	Ficus	Moraceae
Brachyteles_arachnoides	Sorocea_bonplandii	Sorocea	Moraceae
Brachyteles_arachnoides	Musa_rosacea	Musa	Musaceae
Brachyteles_arachnoides	Virola_bicuhyba	Virola	Myristicaceae
Brachyteles_arachnoides	Virola_gardneri	Virola	Myristicaceae
Brachyteles_arachnoides	Campomanesia_guaviroba	Campomanesia	Myrtaceae
Brachyteles_arachnoides	Eugenia_burkartiana	Eugenia	Myrtaceae
Brachyteles_arachnoides	Eugenia_ligustrina	Eugenia	Myrtaceae
Brachyteles_arachnoides	Eugenia_prasina	Eugenia	Myrtaceae
Brachyteles_arachnoides	Eugenia_pruinosa	Eugenia	Myrtaceae
Brachyteles_arachnoides	Eugenia_pyriformis	Eugenia	Myrtaceae
Brachyteles_arachnoides	Eugenia_stictosepala	Eugenia	Myrtaceae
Brachyteles_arachnoides	Marlierea_suaveolens	Marlierea	Myrtaceae
Brachyteles_arachnoides	Myrceugenia_myrcioides	Myrceugenia	Myrtaceae
Brachyteles_arachnoides	Myrcia_anacardiifolia	Myrcia	Myrtaceae
Brachyteles_arachnoides	Myrcia_heringii	Myrcia	Myrtaceae
Brachyteles_arachnoides	Myrcia_macrocarpa	Myrcia	Myrtaceae
Brachyteles_arachnoides	Myrcia_pubipetala	Myrcia	Myrtaceae
Brachyteles_arachnoides	Myrcia_variabilis	Myrcia	Myrtaceae
Brachyteles_arachnoides	Myrciaria_floribunda	Myrciaria	Myrtaceae
Brachyteles_arachnoides	Neomitranthes_obscura	Neomitranthes	Myrtaceae
Brachyteles_arachnoides	Psidium_longipetiolatum	Psidium	Myrtaceae
Brachyteles_arachnoides	Quiina_glazovii	Quiina	Ochnaceae
Brachyteles_arachnoides	Heisteria_silvianii	Heisteria	Olacaceae
Brachyteles_arachnoides	Pera_glabrata	Pera	Peraceae
Brachyteles_arachnoides	Hieronyma_alchorneoides	Hieronyma	Phyllanthaceae
Brachyteles_arachnoides	Phytolacca_dioica	Phytolacca	Phytolaccaceae
Brachyteles_arachnoides	Posoqueria_acutifolia	Posoqueria	Rubiaceae
Brachyteles_arachnoides	Posoqueria_latifolia	Posoqueria	Rubiaceae
Brachyteles_arachnoides	Psychotria_mapoureoides	Psychotria	Rubiaceae
Brachyteles_arachnoides	Psychotria_mapourioides	Psychotria	Rubiaceae
Brachyteles_arachnoides	Psychotria_tenerior	Psychotria	Rubiaceae
Brachyteles_arachnoides	Casearia_sylvestris	Casearia	Salicaceae
Brachyteles_arachnoides	Chrysophyllum_viride	Chrysophyllum	Sapotaceae
Brachyteles_arachnoides	Micropholis_crassipedicellata	Micropholis	Sapotaceae
Brachyteles_arachnoides	Micropholis_gardneriana	Micropholis	Sapotaceae
Brachyteles_arachnoides	Pouteria_bullata	Pouteria	Sapotaceae
Brachyteles_arachnoides	Pouteria_caimito	Pouteria	Sapotaceae
Brachyteles_arachnoides	Siparuna_guianensis	Siparuna	Siparunaceae
Brachyteles_arachnoides	Solanum_pseudoquina	Solanum	Solanaceae
Brachyteles_arachnoides	Solanum_swartzianum	Solanum	Solanaceae
Brachyteles_arachnoides	Styrax_pohlii	Styrax	Styracaceae
Brachyteles_arachnoides	Symplocos_laxiflora	Symplocos	Symplocaceae
Brachyteles_arachnoides	Cecropia_glaziovii	Cecropia	Urticaceae
Brachyteles_arachnoides	Coussapoa_microcarpa	Coussapoa	Urticaceae
Brachyteles_arachnoides	Pourouma_guianensis	Pourouma	Urticaceae
Brachyteles_hypoxanthus	Mendoncia_velloziana	Mendoncia	Acanthaceae
Brachyteles_hypoxanthus	Carpotroche_brasiliensis	Carpotroche	Achariaceae
Brachyteles_hypoxanthus	Tapirira_guianensis	Tapirira	Anacardiaceae
Brachyteles_hypoxanthus	Tapirira_obtusa	Tapirira	Anacardiaceae
Brachyteles_hypoxanthus	Guatteria_australis	Guatteria	Annonaceae
Brachyteles_hypoxanthus	Cyrtocymura_scorpioides	Cyrtocymura	Asteraceae
Brachyteles_hypoxanthus	Protium_heptaphyllum	Protium	Burseraceae
Brachyteles_hypoxanthus	Byrsonima_crassifolia	Byrsonima	Malpighiaceae
Brachyteles_hypoxanthus	Clidemia_debilis	Clidemia	Melastomataceae
Brachyteles_hypoxanthus	Psychotria_mapourioides	Psychotria	Rubiaceae
Brachyteles_hypoxanthus	Allophylus_edulis	Allophylus	Sapindaceae
Brachyteles_hypoxanthus	Paullinia_carpopoda	Paullinia	Sapindaceae
Brachyteles_hypoxanthus	Siparuna_guianensis	Siparuna	Siparunaceae
Cacajao_melanocephalus	Macrolobium_acaciifolium	Macrolobium	Fabaceae
Cacajao_melanocephalus	Eschweilera_tenuifolia	Eschweilera	Lecythidaceae
Cacajao_melanocephalus	Pachira_macrocalyx	Pachira	Malvaceae
Cacajao_melanocephalus	Duroia_velutina	Duroia	Rubiaceae
Callicebus_coimbrai	Xylopia_aromatica	Xylopia	Annonaceae
Callicebus_coimbrai	Schefflera_morototoni	Schefflera	Araliaceae
Callicebus_coimbrai	Dalechampia_coriacea	Dalechampia	Euphorbiaceae
Callicebus_coimbrai	Miconia_prasina	Miconia	Melastomataceae
Callicebus_coimbrai	Psychotria_hoffmannseggiana	Psychotria	Rubiaceae
Callicebus_coimbrai	Psychotria_mapourioides	Psychotria	Rubiaceae
Callicebus_coimbrai	Cecropia_pachystachya	Cecropia	Urticaceae
Callicebus_melanochir	Henriettea_succosa	Henriettea	Melastomataceae
Callicebus_melanochir	Miconia_hypoleuca	Miconia	Melastomataceae
Callicebus_melanochir	Miconia_lurida	Miconia	Melastomataceae
Callicebus_nigrifrons	Aegiphila_integrifolia	Aegiphila	Lamiaceae
Callicebus_nigrifrons	Miconia_cinnamomifolia	Miconia	Melastomataceae
Callicebus_nigrifrons	Miconia_sellowiana	Miconia	Melastomataceae
Callicebus_nigrifrons	Ficus_luschthia	Ficus	Moraceae
Callicebus_nigrifrons	Psidium_guajava	Psidium	Myrtaceae
Callicebus_nigrifrons	Myrsine_coriacea	Myrsine	Primulaceae
Callicebus_nigrifrons	Amaioua_guianensis	Amaioua	Rubiaceae
Callicebus_nigrifrons	Solanum_mauritianum	Solanum	Solanaceae
Callithrix_aurita	Epiphyllum_phyllanthus	Epiphyllum	Cactaceae
Callithrix_aurita	Miconia_fasciculata	Miconia	Melastomataceae
Callithrix_aurita	Ficus_enormis	Ficus	Moraceae
Callithrix_aurita	Maclura_tinctoria	Maclura	Moraceae
Callithrix_flaviceps	Anthurium_scandens	Anthurium	Araceae
Callithrix_flaviceps	Miconia_dodecandra	Miconia	Melastomataceae
Callithrix_flaviceps	Siparuna_guianensis	Siparuna	Siparunaceae
Callithrix_geoffroyi	Schinus_terebinthifolius	Schinus	Anacardiaceae
Callithrix_geoffroyi	Henriettea_succosa	Henriettea	Melastomataceae
Callithrix_geoffroyi	Miconia_dodecandra	Miconia	Melastomataceae
Callithrix_geoffroyi	Morus_nigra	Morus	Moraceae
Callithrix_geoffroyi	Muntingia_calabura	Muntingia	Muntingiaceae
Callithrix_geoffroyi	Psidium_guajava	Psidium	Myrtaceae
Callithrix_jacchus	Psidium_guajava	Psidium	Myrtaceae
Callithrix_jacchus	Cecropia_pachystachya	Cecropia	Urticaceae
Callithrix_penicillata	Morus_nigra	Morus	Moraceae
Callithrix_penicillata	Psidium_cattleianum	Psidium	Myrtaceae
Callithrix_penicillata	Psidium_guajava	Psidium	Myrtaceae
Callithrix_penicillata	Cecropia_glaziovii	Cecropia	Urticaceae
Cebus_capucinus	Anacardium_excelsum	Anacardium	Anacardiaceae
Cebus_capucinus	Annona_reticulata	Annona	Annonaceae
Cebus_capucinus	Desmopsis_panamensis	Desmopsis	Annonaceae
Cebus_capucinus	Duguetia_lanceolata	Duguetia	Annonaceae
Cebus_capucinus	Xylopia_macrantha	Xylopia	Annonaceae
Cebus_capucinus	Lacmellea_panamensis	Lacmellea	Apocynaceae
Cebus_capucinus	Malouetia_tamaquarina	Malouetia	Apocynaceae
Cebus_capucinus	Anthurium_brownii	Anthurium	Araceae
Cebus_capucinus	Anthurium_durandii	Anthurium	Araceae
Cebus_capucinus	Aralia_excelsa	Aralia	Araliaceae
Cebus_capucinus	Astrocaryum_standleyanum	Astrocaryum	Arecaceae
Cebus_capucinus	Attalea_butyracea	Attalea	Arecaceae
Cebus_capucinus	Chamaedorea_tepejilote	Chamaedorea	Arecaceae
Cebus_capucinus	Oenocarpus_mapora	Oenocarpus	Arecaceae
Cebus_capucinus	Socratea_exorrhiza	Socratea	Arecaceae
Cebus_capucinus	Cordia_alba	Cordia	Boraginaceae
Cebus_capucinus	Cordia_bicolor	Cordia	Boraginaceae
Cebus_capucinus	Cordia_lasiocalyx	Cordia	Boraginaceae
Cebus_capucinus	Bromelia_pinguin	Bromelia	Bromeliaceae
Cebus_capucinus	Bursera_simaruba	Bursera	Burseraceae
Cebus_capucinus	Protium_tenuifolium	Protium	Burseraceae
Cebus_capucinus	Tetragastris_panamensis	Tetragastris	Burseraceae
Cebus_capucinus	Capparidastrum_frondosum	Capparidastrum	Capparaceae
Cebus_capucinus	Capparis_baducca	Capparis	Capparaceae
Cebus_capucinus	Capparis_indica	Capparis	Capparaceae
Cebus_capucinus	Hirtella_racemosa	Hirtella	Chrysobalanaceae
Cebus_capucinus	Hirtella_triandra	Hirtella	Chrysobalanaceae
Cebus_capucinus	Licania_hypoleuca	Licania	Chrysobalanaceae
Cebus_capucinus	Clusia_flavida	Clusia	Clusiaceae
Cebus_capucinus	Clusia_odorata	Clusia	Clusiaceae
Cebus_capucinus	Garcinia_buchneri	Garcinia	Clusiaceae
Cebus_capucinus	Garcinia_intermedia	Garcinia	Clusiaceae
Cebus_capucinus	Garcinia_madruno	Garcinia	Clusiaceae
Cebus_capucinus	Maripa_panamensis	Maripa	Convolvulaceae
Cebus_capucinus	Cayaponia_granatensis	Cayaponia	Cucurbitaceae
Cebus_capucinus	Diospyros_acapulcensis	Diospyros	Ebenaceae
Cebus_capucinus	Sloanea_terniflora	Sloanea	Elaeocarpaceae
Cebus_capucinus	Mabea_occidentalis	Mabea	Euphorbiaceae
Cebus_capucinus	Dioclea_wilsonii	Dioclea	Fabaceae
Cebus_capucinus	Inga_cocleensis	Inga	Fabaceae
Cebus_capucinus	Inga_goldmanii	Inga	Fabaceae
Cebus_capucinus	Inga_mucuna	Inga	Fabaceae
Cebus_capucinus	Inga_sapindoides	Inga	Fabaceae
Cebus_capucinus	Pithecellobium_oblongum	Pithecellobium	Fabaceae
Cebus_capucinus	Pterocarpus_rohrii	Pterocarpus	Fabaceae
Cebus_capucinus	Swartzia_cubensis	Swartzia	Fabaceae
Cebus_capucinus	Vachellia_collinsii	Vachellia	Fabaceae
Cebus_capucinus	Beilschmiedia_pendula	Beilschmiedia	Lauraceae
Cebus_capucinus	Ocotea_whitei	Ocotea	Lauraceae
Cebus_capucinus	Gustavia_superba	Gustavia	Lecythidaceae
Cebus_capucinus	Apeiba_membranacea	Apeiba	Malvaceae
Cebus_capucinus	Apeiba_tibourbou	Apeiba	Malvaceae
Cebus_capucinus	Guazuma_ulmifolia	Guazuma	Malvaceae
Cebus_capucinus	Herrania_purpurea	Herrania	Malvaceae
Cebus_capucinus	Luehea_seemannii	Luehea	Malvaceae
Cebus_capucinus	Malvaviscus_arboreus	Malvaviscus	Malvaceae
Cebus_capucinus	Quararibea_asterolepis	Quararibea	Malvaceae
Cebus_capucinus	Sterculia_apetala	Sterculia	Malvaceae
Cebus_capucinus	Souroubea_sympetala	Souroubea	Marcgraviaceae
Cebus_capucinus	Miconia_affinis	Miconia	Melastomataceae
Cebus_capucinus	Miconia_argentea	Miconia	Melastomataceae
Cebus_capucinus	Miconia_hondurensis	Miconia	Melastomataceae
Cebus_capucinus	Mouriri_myrtilloides	Mouriri	Melastomataceae
Cebus_capucinus	Topobea_parasitica	Topobea	Melastomataceae
Cebus_capucinus	Guarea_guidonia	Guarea	Meliaceae
Cebus_capucinus	Trichilia_americana	Trichilia	Meliaceae
Cebus_capucinus	Trichilia_martiana	Trichilia	Meliaceae
Cebus_capucinus	Trichilia_tuberculata	Trichilia	Meliaceae
Cebus_capucinus	Abuta_panamensis	Abuta	Menispermaceae
Cebus_capucinus	Abuta_racemosa	Abuta	Menispermaceae
Cebus_capucinus	Hyperbaena_tonduzii	Hyperbaena	Menispermaceae
Cebus_capucinus	Brosimum_alicastrum	Brosimum	Moraceae
Cebus_capucinus	Ficus_benjamina	Ficus	Moraceae
Cebus_capucinus	Ficus_costaricana	Ficus	Moraceae
Cebus_capucinus	Ficus_cotinifolia	Ficus	Moraceae
Cebus_capucinus	Ficus_obtusifolia	Ficus	Moraceae
Cebus_capucinus	Ficus_paraensis	Ficus	Moraceae
Cebus_capucinus	Ficus_yoponensis	Ficus	Moraceae
Cebus_capucinus	Maclura_tinctoria	Maclura	Moraceae
Cebus_capucinus	Maquira_guianensis	Maquira	Moraceae
Cebus_capucinus	Poulsenia_armata	Poulsenia	Moraceae
Cebus_capucinus	Sorocea_affinis	Sorocea	Moraceae
Cebus_capucinus	Trophis_racemosa	Trophis	Moraceae
Cebus_capucinus	Muntingia_calabura	Muntingia	Muntingiaceae
Cebus_capucinus	Virola_surinamensis	Virola	Myristicaceae
Cebus_capucinus	Eugenia_galalonensis	Eugenia	Myrtaceae
Cebus_capucinus	Eugenia_nesiotica	Eugenia	Myrtaceae
Cebus_capucinus	Eugenia_oerstediana	Eugenia	Myrtaceae
Cebus_capucinus	Psidium_friedrichsthalianum	Psidium	Myrtaceae
Cebus_capucinus	Ouratea_lucens	Ouratea	Ochnaceae
Cebus_capucinus	Heisteria_concinna	Heisteria	Olacaceae
Cebus_capucinus	Passiflora_platyloba	Passiflora	Passifloraceae
Cebus_capucinus	Passiflora_seemannii	Passiflora	Passifloraceae
Cebus_capucinus	Picramnia_latifolia	Picramnia	Picramniaceae
Cebus_capucinus	Piper_tuberculatum	Piper	Piperaceae
Cebus_capucinus	Ardisia_revoluta	Ardisia	Primulaceae
Cebus_capucinus	Karwinskia_calderonii	Karwinskia	Rhamnaceae
Cebus_capucinus	Alibertia_edulis	Alibertia	Rubiaceae
Cebus_capucinus	Alseis_blackiana	Alseis	Rubiaceae
Cebus_capucinus	Faramea_occidentalis	Faramea	Rubiaceae
Cebus_capucinus	Genipa_americana	Genipa	Rubiaceae
Cebus_capucinus	Psychotria_horizontalis	Psychotria	Rubiaceae
Cebus_capucinus	Randia_armata	Randia	Rubiaceae
Cebus_capucinus	Randia_thurberi	Randia	Rubiaceae
Cebus_capucinus	Casearia_arguta	Casearia	Salicaceae
Cebus_capucinus	Casearia_tremula	Casearia	Salicaceae
Cebus_capucinus	Hasseltia_floribunda	Hasseltia	Salicaceae
Cebus_capucinus	Laetia_procera	Laetia	Salicaceae
Cebus_capucinus	Laetia_thamnia	Laetia	Salicaceae
Cebus_capucinus	Zuelania_guidonia	Zuelania	Salicaceae
Cebus_capucinus	Phoradendron_dipterum	Phoradendron	Santalaceae
Cebus_capucinus	Phoradendron_piperoides	Phoradendron	Santalaceae
Cebus_capucinus	Allophylus_racemosus	Allophylus	Sapindaceae
Cebus_capucinus	Cupania_guatemalensis	Cupania	Sapindaceae
Cebus_capucinus	Cupania_seemannii	Cupania	Sapindaceae
Cebus_capucinus	Paullinia_bracteosa	Paullinia	Sapindaceae
Cebus_capucinus	Paullinia_pinnata	Paullinia	Sapindaceae
Cebus_capucinus	Chrysophyllum_cainito	Chrysophyllum	Sapotaceae
Cebus_capucinus	Manilkara_chicle	Manilkara	Sapotaceae
Cebus_capucinus	Pouteria_fossicola	Pouteria	Sapotaceae
Cebus_capucinus	Pouteria_sapota	Pouteria	Sapotaceae
Cebus_capucinus	Simarouba_amara	Simarouba	Simaroubaceae
Cebus_capucinus	Siparuna_pauciflora	Siparuna	Siparunaceae
Cebus_capucinus	Markea_ulei	Markea	Solanaceae
Cebus_capucinus	Solanum_hayesii	Solanum	Solanaceae
Cebus_capucinus	Jacqinia_spinosa	Jacqinia	Theophrastaceae
Cebus_capucinus	Cecropia_insignis	Cecropia	Urticaceae
Cebus_capucinus	Cecropia_obtusifolia	Cecropia	Urticaceae
Cebus_capucinus	Cecropia_peltata	Cecropia	Urticaceae
Cebus_capucinus	Pourouma_bicolor	Pourouma	Urticaceae
Cebus_capucinus	Cissus_alata	Cissus	Vitaceae
Cebus_capucinus	Ximenia_americana	Ximenia	Ximeniaceae
Chiropotes_chiropotes	Caryocar_villosum	Caryocar	Caryocaraceae
Chiropotes_chiropotes	Couepia_longipendula	Couepia	Chrysobalanaceae
Chiropotes_chiropotes	Clusia_insignis	Clusia	Clusiaceae
Chiropotes_chiropotes	Croton_matourensis	Croton	Euphorbiaceae
Chiropotes_chiropotes	Hymenaea_parvifolia	Hymenaea	Fabaceae
Chiropotes_chiropotes	Inga_rubiginosa	Inga	Fabaceae
Chiropotes_chiropotes	Lonchocarpus_negrensis	Lonchocarpus	Fabaceae
Chiropotes_chiropotes	Eschweilera_cyathiformis	Eschweilera	Lecythidaceae
Chiropotes_chiropotes	Eschweilera_truncata	Eschweilera	Lecythidaceae
Chiropotes_chiropotes	Strychnos_cogens	Strychnos	Loganiaceae
Chiropotes_chiropotes	Catostemma_albuquerquei	Catostemma	Malvaceae
Chiropotes_chiropotes	Osteophloeum_platyspermum	Osteophloeum	Myristicaceae
Chiropotes_chiropotes	Moutabea_guianensis	Moutabea	Polygalaceae
Chiropotes_chiropotes	Chrysophyllum_sanguinolentum	Chrysophyllum	Sapotaceae
Chiropotes_chiropotes	Manilkara_bidentata	Manilkara	Sapotaceae
Chiropotes_chiropotes	Pouteria_anomala	Pouteria	Sapotaceae
Chiropotes_chiropotes	Pouteria_erythrochrysa	Pouteria	Sapotaceae
Chiropotes_chiropotes	Pouteria_filipes	Pouteria	Sapotaceae
Chiropotes_chiropotes	Pouteria_freitasii	Pouteria	Sapotaceae
Chiropotes_chiropotes	Pouteria_guianensis	Pouteria	Sapotaceae
Chiropotes_chiropotes	Pouteria_hispida	Pouteria	Sapotaceae
Chiropotes_chiropotes	Sarcaulus_brasiliensis	Sarcaulus	Sapotaceae
Chiropotes_chiropotes	Duckeodendron_cestroides	Duckeodendron	Solanaceae
Chiropotes_chiropotes	Pourouma_tomentosa	Pourouma	Urticaceae
Lagothrix_cana	Manilkara_bidentata	Manilkara	Sapotaceae
Lagothrix_lagotricha	Mendoncia_odorata	Mendoncia	Acanthaceae
Lagothrix_lagotricha	Spondias_mombin	Spondias	Anacardiaceae
Lagothrix_lagotricha	Spondias_venulosa	Spondias	Anacardiaceae
Lagothrix_lagotricha	Tapirira_guianensis	Tapirira	Anacardiaceae
Lagothrix_lagotricha	Duguetia_spixiana	Duguetia	Annonaceae
Lagothrix_lagotricha	Duguetia_uniflora	Duguetia	Annonaceae
Lagothrix_lagotricha	Guatteria_punctata	Guatteria	Annonaceae
Lagothrix_lagotricha	Oxandra_mediocris	Oxandra	Annonaceae
Lagothrix_lagotricha	Rollinia_mucosa	Rollinia	Annonaceae
Lagothrix_lagotricha	Ruizodendron_ovale	Ruizodendron	Annonaceae
Lagothrix_lagotricha	Couma_macrocarpa	Couma	Apocynaceae
Lagothrix_lagotricha	Pacouria_guianensis	Pacouria	Apocynaceae
Lagothrix_lagotricha	Heteropsis_flexuosa	Heteropsis	Araceae
Lagothrix_lagotricha	Monstera_adansonii	Monstera	Araceae
Lagothrix_lagotricha	Dendropanax_caucanus	Dendropanax	Araliaceae
Lagothrix_lagotricha	Astrocaryum_chambira	Astrocaryum	Arecaceae
Lagothrix_lagotricha	Euterpe_precatoria	Euterpe	Arecaceae
Lagothrix_lagotricha	Iriartea_deltoidea	Iriartea	Arecaceae
Lagothrix_lagotricha	Oenocarpus_bataua	Oenocarpus	Arecaceae
Lagothrix_lagotricha	Cordia_bicolor	Cordia	Boraginaceae
Lagothrix_lagotricha	Bursera_inversa	Bursera	Burseraceae
Lagothrix_lagotricha	Crepidospermum_rhoifolium	Crepidospermum	Burseraceae
Lagothrix_lagotricha	Protium_crenatum	Protium	Burseraceae
Lagothrix_lagotricha	Protium_glabrescens	Protium	Burseraceae
Lagothrix_lagotricha	Protium_polybotryum	Protium	Burseraceae
Lagothrix_lagotricha	Protium_sagotianum	Protium	Burseraceae
Lagothrix_lagotricha	Protium_tenuifolium	Protium	Burseraceae
Lagothrix_lagotricha	Tetragastris_altissima	Tetragastris	Burseraceae
Lagothrix_lagotricha	Pereskia_aculeata	Pereskia	Cactaceae
Lagothrix_lagotricha	Celtis_schippii	Celtis	Cannabaceae
Lagothrix_lagotricha	Jacaratia_digitata	Jacaratia	Caricaceae
Lagothrix_lagotricha	Amphizoma_coriacea	Amphizoma	Celastraceae
Lagothrix_lagotricha	Maytenus_macrocarpa	Maytenus	Celastraceae
Lagothrix_lagotricha	Peritassa_laevigata	Peritassa	Celastraceae
Lagothrix_lagotricha	Salacia_cordata	Salacia	Celastraceae
Lagothrix_lagotricha	Clusia_hoffmannseggiana	Clusia	Clusiaceae
Lagothrix_lagotricha	Garcinia_benthamiana	Garcinia	Clusiaceae
Lagothrix_lagotricha	Garcinia_macrophylla	Garcinia	Clusiaceae
Lagothrix_lagotricha	Garcinia_madruno	Garcinia	Clusiaceae
Lagothrix_lagotricha	Buchenavia_congesta	Buchenavia	Combretaceae
Lagothrix_lagotricha	Buchenavia_fanshawei	Buchenavia	Combretaceae
Lagothrix_lagotricha	Buchenavia_grandis	Buchenavia	Combretaceae
Lagothrix_lagotricha	Buchenavia_macrophylla	Buchenavia	Combretaceae
Lagothrix_lagotricha	Buchenavia_viridiflora	Buchenavia	Combretaceae
Lagothrix_lagotricha	Dicranostyles_densa	Dicranostyles	Convolvulaceae
Lagothrix_lagotricha	Dicranostyles_laxa	Dicranostyles	Convolvulaceae
Lagothrix_lagotricha	Lysiostyles_scandens	Lysiostyles	Convolvulaceae
Lagothrix_lagotricha	Maripa_peruviana	Maripa	Convolvulaceae
Lagothrix_lagotricha	Cayaponia_ophthalmica	Cayaponia	Cucurbitaceae
Lagothrix_lagotricha	Bocoa_prouacensis	Bocoa	Fabaceae
Lagothrix_lagotricha	Hymenaea_oblongifolia	Hymenaea	Fabaceae
Lagothrix_lagotricha	Inga_acreana	Inga	Fabaceae
Lagothrix_lagotricha	Inga_acrocephala	Inga	Fabaceae
Lagothrix_lagotricha	Inga_alba	Inga	Fabaceae
Lagothrix_lagotricha	Inga_bonplandiana	Inga	Fabaceae
Lagothrix_lagotricha	Inga_cinnamomea	Inga	Fabaceae
Lagothrix_lagotricha	Inga_cylindrica	Inga	Fabaceae
Lagothrix_lagotricha	Inga_dysantha	Inga	Fabaceae
Lagothrix_lagotricha	Inga_edulis	Inga	Fabaceae
Lagothrix_lagotricha	Inga_ingoides	Inga	Fabaceae
Lagothrix_lagotricha	Inga_macrophylla	Inga	Fabaceae
Lagothrix_lagotricha	Inga_marginata	Inga	Fabaceae
Lagothrix_lagotricha	Inga_pezizifera	Inga	Fabaceae
Lagothrix_lagotricha	Inga_splendens	Inga	Fabaceae
Lagothrix_lagotricha	Inga_stenoptera	Inga	Fabaceae
Lagothrix_lagotricha	Inga_thibaudiana	Inga	Fabaceae
Lagothrix_lagotricha	Goupia_glabra	Goupia	Goupiaceae
Lagothrix_lagotricha	Aegiphila_racemosa	Aegiphila	Lamiaceae
Lagothrix_lagotricha	Endlicheria_sericea	Endlicheria	Lauraceae
Lagothrix_lagotricha	Ocotea_cernua	Ocotea	Lauraceae
Lagothrix_lagotricha	Ocotea_oblonga	Ocotea	Lauraceae
Lagothrix_lagotricha	Ocotea_tomentosa	Ocotea	Lauraceae
Lagothrix_lagotricha	Rhodostemonodaphne_grandis	Rhodostemonodaphne	Lauraceae
Lagothrix_lagotricha	Gustavia_hexapetala	Gustavia	Lecythidaceae
Lagothrix_lagotricha	Hebepetalum_humiriifolium	Hebepetalum	Linaceae
Lagothrix_lagotricha	Strychnos_erichsonii	Strychnos	Loganiaceae
Lagothrix_lagotricha	Strychnos_schultesiana	Strychnos	Loganiaceae
Lagothrix_lagotricha	Byrsonima_crispa	Byrsonima	Malpighiaceae
Lagothrix_lagotricha	Apeiba_glabra	Apeiba	Malvaceae
Lagothrix_lagotricha	Theobroma_subincanum	Theobroma	Malvaceae
Lagothrix_lagotricha	Souroubea_sympetala	Souroubea	Marcgraviaceae
Lagothrix_lagotricha	Henriettea_fissanthera	Henriettea	Melastomataceae
Lagothrix_lagotricha	Mouriri_nigra	Mouriri	Melastomataceae
Lagothrix_lagotricha	Guarea_guidonia	Guarea	Meliaceae
Lagothrix_lagotricha	Trichilia_micrantha	Trichilia	Meliaceae
Lagothrix_lagotricha	Trichilia_pleeana	Trichilia	Meliaceae
Lagothrix_lagotricha	Trichilia_tuberculata	Trichilia	Meliaceae
Lagothrix_lagotricha	Abuta_grandifolia	Abuta	Menispermaceae
Lagothrix_lagotricha	Abuta_obovata	Abuta	Menispermaceae
Lagothrix_lagotricha	Abuta_rufescens	Abuta	Menispermaceae
Lagothrix_lagotricha	Anomospermum_reticulatum	Anomospermum	Menispermaceae
Lagothrix_lagotricha	Caryomene_foveolata	Caryomene	Menispermaceae
Lagothrix_lagotricha	Odontocarya_wullschlaegelii	Odontocarya	Menispermaceae
Lagothrix_lagotricha	Orthomene_verruculosa	Orthomene	Menispermaceae
Lagothrix_lagotricha	Batocarpus_amazonicus	Batocarpus	Moraceae
Lagothrix_lagotricha	Brosimum_alicastrum	Brosimum	Moraceae
Lagothrix_lagotricha	Brosimum_guianense	Brosimum	Moraceae
Lagothrix_lagotricha	Brosimum_lactescens	Brosimum	Moraceae
Lagothrix_lagotricha	Brosimum_rubescens	Brosimum	Moraceae
Lagothrix_lagotricha	Brosimum_utile	Brosimum	Moraceae
Lagothrix_lagotricha	Castilla_ulei	Castilla	Moraceae
Lagothrix_lagotricha	Clarisia_ilicifolia	Clarisia	Moraceae
Lagothrix_lagotricha	Clarisia_racemosa	Clarisia	Moraceae
Lagothrix_lagotricha	Ficus_americana	Ficus	Moraceae
Lagothrix_lagotricha	Ficus_crocata	Ficus	Moraceae
Lagothrix_lagotricha	Ficus_gomelleira	Ficus	Moraceae
Lagothrix_lagotricha	Ficus_insipida	Ficus	Moraceae
Lagothrix_lagotricha	Ficus_membranacea	Ficus	Moraceae
Lagothrix_lagotricha	Ficus_nymphaeifolia	Ficus	Moraceae
Lagothrix_lagotricha	Ficus_obtusifolia	Ficus	Moraceae
Lagothrix_lagotricha	Ficus_pertusa	Ficus	Moraceae
Lagothrix_lagotricha	Ficus_sphenophylla	Ficus	Moraceae
Lagothrix_lagotricha	Ficus_trigona	Ficus	Moraceae
Lagothrix_lagotricha	Helicostylis_tomentosa	Helicostylis	Moraceae
Lagothrix_lagotricha	Naucleopsis_caloneura	Naucleopsis	Moraceae
Lagothrix_lagotricha	Naucleopsis_glabra	Naucleopsis	Moraceae
Lagothrix_lagotricha	Naucleopsis_guianensis	Naucleopsis	Moraceae
Lagothrix_lagotricha	Naucleopsis_imitans	Naucleopsis	Moraceae
Lagothrix_lagotricha	Naucleopsis_krukovii	Naucleopsis	Moraceae
Lagothrix_lagotricha	Naucleopsis_stipularis	Naucleopsis	Moraceae
Lagothrix_lagotricha	Naucleopsis_ulei	Naucleopsis	Moraceae
Lagothrix_lagotricha	Perebea_mollis	Perebea	Moraceae
Lagothrix_lagotricha	Perebea_xanthochyma	Perebea	Moraceae
Lagothrix_lagotricha	Pseudolmedia_laevigata	Pseudolmedia	Moraceae
Lagothrix_lagotricha	Pseudolmedia_laevis	Pseudolmedia	Moraceae
Lagothrix_lagotricha	Iryanthera_juruensis	Iryanthera	Myristicaceae
Lagothrix_lagotricha	Iryanthera_laevis	Iryanthera	Myristicaceae
Lagothrix_lagotricha	Iryanthera_paraensis	Iryanthera	Myristicaceae
Lagothrix_lagotricha	Osteophloeum_platyspermum	Osteophloeum	Myristicaceae
Lagothrix_lagotricha	Virola_calophylla	Virola	Myristicaceae
Lagothrix_lagotricha	Virola_elongata	Virola	Myristicaceae
Lagothrix_lagotricha	Virola_flexuosa	Virola	Myristicaceae
Lagothrix_lagotricha	Virola_michelii	Virola	Myristicaceae
Lagothrix_lagotricha	Virola_pavonis	Virola	Myristicaceae
Lagothrix_lagotricha	Virola_peruviana	Virola	Myristicaceae
Lagothrix_lagotricha	Virola_surinamensis	Virola	Myristicaceae
Lagothrix_lagotricha	Virola_venosa	Virola	Myristicaceae
Lagothrix_lagotricha	Campomanesia_speciosa	Campomanesia	Myrtaceae
Lagothrix_lagotricha	Eugenia_florida	Eugenia	Myrtaceae
Lagothrix_lagotricha	Neea_laxa	Neea	Nyctaginaceae
Lagothrix_lagotricha	Heisteria_ovata	Heisteria	Olacaceae
Lagothrix_lagotricha	Minquartia_guianensis	Minquartia	Olacaceae
Lagothrix_lagotricha	Hieronyma_alchorneoides	Hieronyma	Phyllanthaceae
Lagothrix_lagotricha	Trichostigma_octandrum	Trichostigma	Phytolaccaceae
Lagothrix_lagotricha	Moutabea_guianensis	Moutabea	Polygalaceae
Lagothrix_lagotricha	Coccoloba_coronata	Coccoloba	Polygonaceae
Lagothrix_lagotricha	Coccoloba_densifrons	Coccoloba	Polygonaceae
Lagothrix_lagotricha	Coccoloba_mollis	Coccoloba	Polygonaceae
Lagothrix_lagotricha	Panopsis_rubescens	Panopsis	Proteaceae
Lagothrix_lagotricha	Prunus_myrtifolia	Prunus	Rosaceae
Lagothrix_lagotricha	Cordiera_hadrantha	Cordiera	Rubiaceae
Lagothrix_lagotricha	Genipa_americana	Genipa	Rubiaceae
Lagothrix_lagotricha	Randia_hondensis	Randia	Rubiaceae
Lagothrix_lagotricha	Rosenbergiodendron_longiflorum	Rosenbergiodendron	Rubiaceae
Lagothrix_lagotricha	Laetia_corymbulosa	Laetia	Salicaceae
Lagothrix_lagotricha	Melicoccus_oliviformis	Melicoccus	Sapindaceae
Lagothrix_lagotricha	Paullinia_faginea	Paullinia	Sapindaceae
Lagothrix_lagotricha	Paullinia_obovata	Paullinia	Sapindaceae
Lagothrix_lagotricha	Chromolucuma_rubriflora	Chromolucuma	Sapotaceae
Lagothrix_lagotricha	Chrysophyllum_amazonicum	Chrysophyllum	Sapotaceae
Lagothrix_lagotricha	Chrysophyllum_parvulum	Chrysophyllum	Sapotaceae
Lagothrix_lagotricha	Chrysophyllum_pomiferum	Chrysophyllum	Sapotaceae
Lagothrix_lagotricha	Chrysophyllum_prieurii	Chrysophyllum	Sapotaceae
Lagothrix_lagotricha	Chrysophyllum_sanguinolentum	Chrysophyllum	Sapotaceae
Lagothrix_lagotricha	Manilkara_bidentata	Manilkara	Sapotaceae
Lagothrix_lagotricha	Micropholis_casiquiarensis	Micropholis	Sapotaceae
Lagothrix_lagotricha	Micropholis_guyanensis	Micropholis	Sapotaceae
Lagothrix_lagotricha	Micropholis_mensalis	Micropholis	Sapotaceae
Lagothrix_lagotricha	Pouteria_anomala	Pouteria	Sapotaceae
Lagothrix_lagotricha	Pouteria_bangii	Pouteria	Sapotaceae
Lagothrix_lagotricha	Pouteria_caimito	Pouteria	Sapotaceae
Lagothrix_lagotricha	Pouteria_cuspidata	Pouteria	Sapotaceae
Lagothrix_lagotricha	Pouteria_engleri	Pouteria	Sapotaceae
Lagothrix_lagotricha	Pouteria_fimbriata	Pouteria	Sapotaceae
Lagothrix_lagotricha	Pouteria_gomphiifolia	Pouteria	Sapotaceae
Lagothrix_lagotricha	Pouteria_laericarpa	Pouteria	Sapotaceae
Lagothrix_lagotricha	Pouteria_laevigata	Pouteria	Sapotaceae
Lagothrix_lagotricha	Pouteria_macrocarpa	Pouteria	Sapotaceae
Lagothrix_lagotricha	Pouteria_manaosensis	Pouteria	Sapotaceae
Lagothrix_lagotricha	Pouteria_opposita	Pouteria	Sapotaceae
Lagothrix_lagotricha	Pouteria_pariry	Pouteria	Sapotaceae
Lagothrix_lagotricha	Pouteria_rostrata	Pouteria	Sapotaceae
Lagothrix_lagotricha	Pouteria_torta	Pouteria	Sapotaceae
Lagothrix_lagotricha	Pouteria_ucuqui	Pouteria	Sapotaceae
Lagothrix_lagotricha	Pradosia_cochlearia	Pradosia	Sapotaceae
Lagothrix_lagotricha	Pradosia_ptychandra	Pradosia	Sapotaceae
Lagothrix_lagotricha	Pradosia_surinamensis	Pradosia	Sapotaceae
Lagothrix_lagotricha	Sarcaulus_brasiliensis	Sarcaulus	Sapotaceae
Lagothrix_lagotricha	Simarouba_amara	Simarouba	Simaroubaceae
Lagothrix_lagotricha	Cestrum_racemosum	Cestrum	Solanaceae
Lagothrix_lagotricha	Ampelocera_edentula	Ampelocera	Ulmaceae
Lagothrix_lagotricha	Cecropia_engleriana	Cecropia	Urticaceae
Lagothrix_lagotricha	Cecropia_membranacea	Cecropia	Urticaceae
Lagothrix_lagotricha	Cecropia_obtusa	Cecropia	Urticaceae
Lagothrix_lagotricha	Cecropia_sciadophylla	Cecropia	Urticaceae
Lagothrix_lagotricha	Coussapoa_orthoneura	Coussapoa	Urticaceae
Lagothrix_lagotricha	Coussapoa_villosa	Coussapoa	Urticaceae
Lagothrix_lagotricha	Pourouma_bicolor	Pourouma	Urticaceae
Lagothrix_lagotricha	Pourouma_cecropiifolia	Pourouma	Urticaceae
Lagothrix_lagotricha	Pourouma_guianensis	Pourouma	Urticaceae
Lagothrix_lagotricha	Pourouma_mollis	Pourouma	Urticaceae
Lagothrix_lagotricha	Pourouma_petiolulata	Pourouma	Urticaceae
Lagothrix_lagotricha	Leonia_glycycarpa	Leonia	Violaceae
Lagothrix_lagotricha	Cissus_microcarpa	Cissus	Vitaceae
Lagothrix_lagotricha	Cissus_verticillata	Cissus	Vitaceae
Lagothrix_lugens	Saurauia_brachybotrys	Saurauia	Actinidiaceae
Lagothrix_lugens	Hedyosmum_cuatrecazanum	Hedyosmum	Chloranthaceae
Lagothrix_lugens	Sapium_stylare	Sapium	Euphorbiaceae
Lagothrix_lugens	Vismia_mandurr	Vismia	Hypericaceae
Lagothrix_lugens	Anomospermum_reticulatum	Anomospermum	Menispermaceae
Lagothrix_lugens	Ficus_lehmannii	Ficus	Moraceae
Lagothrix_lugens	Ficus_mutisii	Ficus	Moraceae
Lagothrix_lugens	Morus_insignis	Morus	Moraceae
Lagothrix_lugens	Hieronyma_huilensis	Hieronyma	Phyllanthaceae
Lagothrix_lugens	Guettarda_hirsuta	Guettarda	Rubiaceae
Lagothrix_lugens	Casearia_macrocarpa	Casearia	Salicaceae
Lagothrix_lugens	Cecropia_angustifolia	Cecropia	Urticaceae
Lagothrix_lugens	Cecropia_mutisi	Cecropia	Urticaceae
Lagothrix_lugens	Cecropia_telenitida	Cecropia	Urticaceae
Lagothrix_lugens	Cissus_trianae	Cissus	Vitaceae
Leontopithecus_caissara	Tapirira_guianensis	Tapirira	Anacardiaceae
Leontopithecus_caissara	Annona_neosericea	Annona	Annonaceae
Leontopithecus_caissara	Guatteria_australis	Guatteria	Annonaceae
Leontopithecus_caissara	Ilex_pseudobuxus	Ilex	Aquifoliaceae
Leontopithecus_caissara	Ilex_theezans	Ilex	Aquifoliaceae
Leontopithecus_caissara	Monstera_adansonii	Monstera	Araceae
Leontopithecus_caissara	Philodendron_bipinnatifidum	Philodendron	Araceae
Leontopithecus_caissara	Aechmea_nudicaulis	Aechmea	Bromeliaceae
Leontopithecus_caissara	Clusia_criuva	Clusia	Clusiaceae
Leontopithecus_caissara	Inga_vera	Inga	Fabaceae
Leontopithecus_caissara	Byrsonima_ligustrifolia	Byrsonima	Malpighiaceae
Leontopithecus_caissara	Marcgravia_polyantha	Marcgravia	Marcgraviaceae
Leontopithecus_caissara	Campomanesia_xanthocarpa	Campomanesia	Myrtaceae
Leontopithecus_caissara	Eugenia_astringens	Eugenia	Myrtaceae
Leontopithecus_caissara	Eugenia_sulcata	Eugenia	Myrtaceae
Leontopithecus_caissara	Marlierea_eugeniopsoides	Marlierea	Myrtaceae
Leontopithecus_caissara	Marlierea_silvatica	Marlierea	Myrtaceae
Leontopithecus_caissara	Marlierea_tomentosa	Marlierea	Myrtaceae
Leontopithecus_caissara	Myrcia_isaiana	Myrcia	Myrtaceae
Leontopithecus_caissara	Myrcia_palustris	Myrcia	Myrtaceae
Leontopithecus_caissara	Myrcia_racemosa	Myrcia	Myrtaceae
Leontopithecus_caissara	Psidium_cattleianum	Psidium	Myrtaceae
Leontopithecus_caissara	Myrsine_gardneriana	Myrsine	Primulaceae
Leontopithecus_caissara	Amaioua_guianensis	Amaioua	Rubiaceae
Leontopithecus_caissara	Phoradendron_crassifolium	Phoradendron	Santalaceae
Leontopithecus_caissara	Cecropia_glaziovii	Cecropia	Urticaceae
Leontopithecus_caissara	Cecropia_pachystachya	Cecropia	Urticaceae
Leontopithecus_caissara	Coussapoa_microcarpa	Coussapoa	Urticaceae
Leontopithecus_chrysomelas	Tapirira_guianensis	Tapirira	Anacardiaceae
Leontopithecus_chrysomelas	Annona_bahiensis	Annona	Annonaceae
Leontopithecus_chrysomelas	Annona_salzmannii	Annona	Annonaceae
Leontopithecus_chrysomelas	Lacmellea_bahiensis	Lacmellea	Apocynaceae
Leontopithecus_chrysomelas	Macoubea_guianensis	Macoubea	Apocynaceae
Leontopithecus_chrysomelas	Philodendron_bipinnatifidum	Philodendron	Araceae
Leontopithecus_chrysomelas	Bactris_setosa	Bactris	Arecaceae
Leontopithecus_chrysomelas	Aechmea_depressa	Aechmea	Bromeliaceae
Leontopithecus_chrysomelas	Protium_widgrenii	Protium	Burseraceae
Leontopithecus_chrysomelas	Tetragastris_catuaba	Tetragastris	Burseraceae
Leontopithecus_chrysomelas	Cheiloclinium_cognatum	Cheiloclinium	Celastraceae
Leontopithecus_chrysomelas	Symphonia_globulifera	Symphonia	Clusiaceae
Leontopithecus_chrysomelas	Inga_subnuda	Inga	Fabaceae
Leontopithecus_chrysomelas	Inga_tenuis	Inga	Fabaceae
Leontopithecus_chrysomelas	Inga_thibaudiana	Inga	Fabaceae
Leontopithecus_chrysomelas	Inga_vera	Inga	Fabaceae
Leontopithecus_chrysomelas	Vismia_latifolia	Vismia	Hypericaceae
Leontopithecus_chrysomelas	Henriettea_succosa	Henriettea	Melastomataceae
Leontopithecus_chrysomelas	Miconia_calvescens	Miconia	Melastomataceae
Leontopithecus_chrysomelas	Miconia_hypoleuca	Miconia	Melastomataceae
Leontopithecus_chrysomelas	Miconia_mirabilis	Miconia	Melastomataceae
Leontopithecus_chrysomelas	Miconia_prasina	Miconia	Melastomataceae
Leontopithecus_chrysomelas	Miconia_rimalis	Miconia	Melastomataceae
Leontopithecus_chrysomelas	Anomospermum_reticulatum	Anomospermum	Menispermaceae
Leontopithecus_chrysomelas	Ficus_gomelleira	Ficus	Moraceae
Leontopithecus_chrysomelas	Ficus_hirsuta	Ficus	Moraceae
Leontopithecus_chrysomelas	Helicostylis_tomentosa	Helicostylis	Moraceae
Leontopithecus_chrysomelas	Campomanesia_dichotoma	Campomanesia	Myrtaceae
Leontopithecus_chrysomelas	Eugenia_itapemirimensis	Eugenia	Myrtaceae
Leontopithecus_chrysomelas	Eugenia_rostrata	Eugenia	Myrtaceae
Leontopithecus_chrysomelas	Marlierea_verticillaris	Marlierea	Myrtaceae
Leontopithecus_chrysomelas	Myrcia_gigantea	Myrcia	Myrtaceae
Leontopithecus_chrysomelas	Myrcia_splendens	Myrcia	Myrtaceae
Leontopithecus_chrysomelas	Neomitranthes_obscura	Neomitranthes	Myrtaceae
Leontopithecus_chrysomelas	Psidium_cattleianum	Psidium	Myrtaceae
Leontopithecus_chrysomelas	Psidium_guajava	Psidium	Myrtaceae
Leontopithecus_chrysomelas	Passiflora_quadrangularis	Passiflora	Passifloraceae
Leontopithecus_chrysomelas	Randia_armata	Randia	Rubiaceae
Leontopithecus_chrysomelas	Simira_rubra	Simira	Rubiaceae
Leontopithecus_chrysomelas	Simira_viridiflora	Simira	Rubiaceae
Leontopithecus_chrysomelas	Tocoyena_bullata	Tocoyena	Rubiaceae
Leontopithecus_chrysomelas	Casearia_bahiensis	Casearia	Salicaceae
Leontopithecus_chrysomelas	Chrysophyllum_splendens	Chrysophyllum	Sapotaceae
Leontopithecus_chrysomelas	Diploon_cuspidatum	Diploon	Sapotaceae
Leontopithecus_chrysomelas	Ecclinusa_ramiflora	Ecclinusa	Sapotaceae
Leontopithecus_chrysomelas	Manilkara_longifolia	Manilkara	Sapotaceae
Leontopithecus_chrysomelas	Manilkara_maxima	Manilkara	Sapotaceae
Leontopithecus_chrysomelas	Manilkara_salzmannii	Manilkara	Sapotaceae
Leontopithecus_chrysomelas	Micropholis_guyanensis	Micropholis	Sapotaceae
Leontopithecus_chrysomelas	Cecropia_glaziovii	Cecropia	Urticaceae
Leontopithecus_chrysomelas	Pourouma_guianensis	Pourouma	Urticaceae
Leontopithecus_chrysomelas	Pourouma_mollis	Pourouma	Urticaceae
Leontopithecus_chrysomelas	Pourouma_velutina	Pourouma	Urticaceae
Leontopithecus_chrysopygus	Mendoncia_velloziana	Mendoncia	Acanthaceae
Leontopithecus_chrysopygus	Cordia_ecalyculata	Cordia	Boraginaceae
Leontopithecus_chrysopygus	Pereskia_aculeata	Pereskia	Cactaceae
Leontopithecus_chrysopygus	Celtis_iguanaea	Celtis	Cannabaceae
Leontopithecus_chrysopygus	Celtis_pubescens	Celtis	Cannabaceae
Leontopithecus_chrysopygus	Inga_striata	Inga	Fabaceae
Leontopithecus_chrysopygus	Ficus_guaranitica	Ficus	Moraceae
Leontopithecus_chrysopygus	Ficus_organensis	Ficus	Moraceae
Leontopithecus_chrysopygus	Ficus_tomentella	Ficus	Moraceae
Leontopithecus_chrysopygus	Ficus_trigona	Ficus	Moraceae
Leontopithecus_chrysopygus	Rhamnidium_elaeocarpum	Rhamnidium	Rhamnaceae
Leontopithecus_rosalia	Tapirira_guianensis	Tapirira	Anacardiaceae
Leontopithecus_rosalia	Annona_dolabripetala	Annona	Annonaceae
Leontopithecus_rosalia	Rollinia_dolabripetala	Rollinia	Annonaceae
Leontopithecus_rosalia	Inga_edulis	Inga	Fabaceae
Leontopithecus_rosalia	Inga_praegnans	Inga	Fabaceae
Leontopithecus_rosalia	Inga_subnuda	Inga	Fabaceae
Leontopithecus_rosalia	Inga_thibaudiana	Inga	Fabaceae
Leontopithecus_rosalia	Byrsonima_stipulacea	Byrsonima	Malpighiaceae
Leontopithecus_rosalia	Henriettea_saldanhaei	Henriettea	Melastomataceae
Leontopithecus_rosalia	Miconia_cinnamomifolia	Miconia	Melastomataceae
Leontopithecus_rosalia	Miconia_hypoleuca	Miconia	Melastomataceae
Leontopithecus_rosalia	Miconia_latecrenata	Miconia	Melastomataceae
Leontopithecus_rosalia	Miconia_lepidota	Miconia	Melastomataceae
Leontopithecus_rosalia	Hyperbaena_domingensis	Hyperbaena	Menispermaceae
Leontopithecus_rosalia	Ficus_gomelleira	Ficus	Moraceae
Leontopithecus_rosalia	Helicostylis_tomentosa	Helicostylis	Moraceae
Leontopithecus_rosalia	Sorocea_hilarii	Sorocea	Moraceae
Leontopithecus_rosalia	Calyptranthes_lucida	Calyptranthes	Myrtaceae
Leontopithecus_rosalia	Campomanesia_espiritosantensis	Campomanesia	Myrtaceae
Leontopithecus_rosalia	Campomanesia_eugenioides	Campomanesia	Myrtaceae
Leontopithecus_rosalia	Eugenia_excelsa	Eugenia	Myrtaceae
Leontopithecus_rosalia	Marlierea_excoriata	Marlierea	Myrtaceae
Leontopithecus_rosalia	Marlierea_subacuminata	Marlierea	Myrtaceae
Leontopithecus_rosalia	Myrcia_splendens	Myrcia	Myrtaceae
Leontopithecus_rosalia	Myrcia_tenuifolia	Myrcia	Myrtaceae
Leontopithecus_rosalia	Guapira_opposita	Guapira	Nyctaginaceae
Leontopithecus_rosalia	Passiflora_rhamnifolia	Passiflora	Passifloraceae
Leontopithecus_rosalia	Rhamnidium_elaeocarpum	Rhamnidium	Rhamnaceae
Leontopithecus_rosalia	Faramea_anisocalyx	Faramea	Rubiaceae
Leontopithecus_rosalia	Faramea_multiflora	Faramea	Rubiaceae
Leontopithecus_rosalia	Posoqueria_acutifolia	Posoqueria	Rubiaceae
Leontopithecus_rosalia	Posoqueria_latifolia	Posoqueria	Rubiaceae
Leontopithecus_rosalia	Tocoyena_brasiliensis	Tocoyena	Rubiaceae
Leontopithecus_rosalia	Casearia_decandra	Casearia	Salicaceae
Leontopithecus_rosalia	Micropholis_gardneriana	Micropholis	Sapotaceae
Leontopithecus_rosalia	Micropholis_guyanensis	Micropholis	Sapotaceae
Leontopithecus_rosalia	Pouteria_bangii	Pouteria	Sapotaceae
Leontopithecus_rosalia	Pradosia_kuhlmannii	Pradosia	Sapotaceae
Leontopithecus_rosalia	Sarcaulus_brasiliensis	Sarcaulus	Sapotaceae
Leontopithecus_rosalia	Cecropia_glaziovii	Cecropia	Urticaceae
Leontopithecus_rosalia	Cecropia_hololeuca	Cecropia	Urticaceae
Leontopithecus_rosalia	Cecropia_pachystachya	Cecropia	Urticaceae
Leontopithecus_rosalia	Pourouma_guianensis	Pourouma	Urticaceae
Saguinus_fuscicollis	Mendoncia_klugii	Mendoncia	Acanthaceae
Saguinus_fuscicollis	Mendoncia_sprucei	Mendoncia	Acanthaceae
Saguinus_fuscicollis	Tapirira_guianensis	Tapirira	Anacardiaceae
Saguinus_fuscicollis	Tapirira_obtusa	Tapirira	Anacardiaceae
Saguinus_fuscicollis	Tapirira_retusa	Tapirira	Anacardiaceae
Saguinus_fuscicollis	Annona_duckei	Annona	Annonaceae
Saguinus_fuscicollis	Annona_edulis	Annona	Annonaceae
Saguinus_fuscicollis	Guatteria_decurrens	Guatteria	Annonaceae
Saguinus_fuscicollis	Guatteria_guianensis	Guatteria	Annonaceae
Saguinus_fuscicollis	Guatteria_megalophylla	Guatteria	Annonaceae
Saguinus_fuscicollis	Polyalthia_motleyana	Polyalthia	Annonaceae
Saguinus_fuscicollis	Unonopsis_stipitata	Unonopsis	Annonaceae
Saguinus_fuscicollis	Couma_macrocarpa	Couma	Apocynaceae
Saguinus_fuscicollis	Lacmellea_peruviana	Lacmellea	Apocynaceae
Saguinus_fuscicollis	Heteropsis_oblongifolia	Heteropsis	Araceae
Saguinus_fuscicollis	Heteropsis_spruceana	Heteropsis	Araceae
Saguinus_fuscicollis	Bactris_maraja	Bactris	Arecaceae
Saguinus_fuscicollis	Cordia_nodosa	Cordia	Boraginaceae
Saguinus_fuscicollis	Cordia_trachyphylla	Cordia	Boraginaceae
Saguinus_fuscicollis	Cordia_ucayaliensis	Cordia	Boraginaceae
Saguinus_fuscicollis	Protium_hebetatum	Protium	Burseraceae
Saguinus_fuscicollis	Dendrobangia_boliviana	Dendrobangia	Cardiopteridaceae
Saguinus_fuscicollis	Cheiloclinium_hippocrateoides	Cheiloclinium	Celastraceae
Saguinus_fuscicollis	Salacia_alwynii	Salacia	Celastraceae
Saguinus_fuscicollis	Salacia_caloneura	Salacia	Celastraceae
Saguinus_fuscicollis	Salacia_impressifolia	Salacia	Celastraceae
Saguinus_fuscicollis	Couepia_paraensis	Couepia	Chrysobalanaceae
Saguinus_fuscicollis	Licania_micrantha	Licania	Chrysobalanaceae
Saguinus_fuscicollis	Garcinia_macrophylla	Garcinia	Clusiaceae
Saguinus_fuscicollis	Garcinia_ovalifolia	Garcinia	Clusiaceae
Saguinus_fuscicollis	Buchenavia_parvifolia	Buchenavia	Combretaceae
Saguinus_fuscicollis	Buchenavia_viridiflora	Buchenavia	Combretaceae
Saguinus_fuscicollis	Dicranostyles_scandens	Dicranostyles	Convolvulaceae
Saguinus_fuscicollis	Maripa_peruviana	Maripa	Convolvulaceae
Saguinus_fuscicollis	Asplundia_peruviana	Asplundia	Cyclanthaceae
Saguinus_fuscicollis	Cyclanthus_bipartitus	Cyclanthus	Cyclanthaceae
Saguinus_fuscicollis	Ludovia_lancifolia	Ludovia	Cyclanthaceae
Saguinus_fuscicollis	Tapura_amazonica	Tapura	Dichapetalaceae
Saguinus_fuscicollis	Tapura_coriacea	Tapura	Dichapetalaceae
Saguinus_fuscicollis	Pinzona_coriacea	Pinzona	Dilleniaceae
Saguinus_fuscicollis	Bauhinia_smilacina	Bauhinia	Fabaceae
Saguinus_fuscicollis	Inga_acrocephala	Inga	Fabaceae
Saguinus_fuscicollis	Inga_aria	Inga	Fabaceae
Saguinus_fuscicollis	Inga_auristellae	Inga	Fabaceae
Saguinus_fuscicollis	Inga_brachystachys	Inga	Fabaceae
Saguinus_fuscicollis	Inga_cordatoalata	Inga	Fabaceae
Saguinus_fuscicollis	Inga_densiflora	Inga	Fabaceae
Saguinus_fuscicollis	Inga_gracilifolia	Inga	Fabaceae
Saguinus_fuscicollis	Inga_gracilior	Inga	Fabaceae
Saguinus_fuscicollis	Inga_lopadadenia	Inga	Fabaceae
Saguinus_fuscicollis	Inga_loretana	Inga	Fabaceae
Saguinus_fuscicollis	Inga_megaphylla	Inga	Fabaceae
Saguinus_fuscicollis	Inga_nobilis	Inga	Fabaceae
Saguinus_fuscicollis	Inga_oerstediana	Inga	Fabaceae
Saguinus_fuscicollis	Inga_pruriens	Inga	Fabaceae
Saguinus_fuscicollis	Inga_ruiziana	Inga	Fabaceae
Saguinus_fuscicollis	Inga_sapindoides	Inga	Fabaceae
Saguinus_fuscicollis	Inga_semialata	Inga	Fabaceae
Saguinus_fuscicollis	Inga_sertulifera	Inga	Fabaceae
Saguinus_fuscicollis	Inga_thibaudiana	Inga	Fabaceae
Saguinus_fuscicollis	Parkia_igneiflora	Parkia	Fabaceae
Saguinus_fuscicollis	Parkia_multijuga	Parkia	Fabaceae
Saguinus_fuscicollis	Parkia_nitida	Parkia	Fabaceae
Saguinus_fuscicollis	Parkia_panurensis	Parkia	Fabaceae
Saguinus_fuscicollis	Goupia_glabra	Goupia	Goupiaceae
Saguinus_fuscicollis	Ocotea_amazonica	Ocotea	Lauraceae
Saguinus_fuscicollis	Roucheria_columbiana	Roucheria	Linaceae
Saguinus_fuscicollis	Roucheria_schomburgkii	Roucheria	Linaceae
Saguinus_fuscicollis	Strychnos_guianensis	Strychnos	Loganiaceae
Saguinus_fuscicollis	Strychnos_rondeletioides	Strychnos	Loganiaceae
Saguinus_fuscicollis	Byrsonima_poeppigiana	Byrsonima	Malpighiaceae
Saguinus_fuscicollis	Matisia_bracteolosa	Matisia	Malvaceae
Saguinus_fuscicollis	Theobroma_obovatum	Theobroma	Malvaceae
Saguinus_fuscicollis	Marcgravia_longifolia	Marcgravia	Marcgraviaceae
Saguinus_fuscicollis	Souroubea_crassipetala	Souroubea	Marcgraviaceae
Saguinus_fuscicollis	Bellucia_pentamera	Bellucia	Melastomataceae
Saguinus_fuscicollis	Miconia_lourteigiana	Miconia	Melastomataceae
Saguinus_fuscicollis	Tococa_guianensis	Tococa	Melastomataceae
Saguinus_fuscicollis	Abuta_fluminum	Abuta	Menispermaceae
Saguinus_fuscicollis	Abuta_grandifolia	Abuta	Menispermaceae
Saguinus_fuscicollis	Abuta_obovata	Abuta	Menispermaceae
Saguinus_fuscicollis	Abuta_pahnii	Abuta	Menispermaceae
Saguinus_fuscicollis	Abuta_rufescens	Abuta	Menispermaceae
Saguinus_fuscicollis	Anomospermum_grandifolium	Anomospermum	Menispermaceae
Saguinus_fuscicollis	Anomospermum_solimoesanum	Anomospermum	Menispermaceae
Saguinus_fuscicollis	Borismene_japurensis	Borismene	Menispermaceae
Saguinus_fuscicollis	Odontocarya_ulei	Odontocarya	Menispermaceae
Saguinus_fuscicollis	Sciadotenia_mathiasiana	Sciadotenia	Menispermaceae
Saguinus_fuscicollis	Telitoxicum_minutiflorum	Telitoxicum	Menispermaceae
Saguinus_fuscicollis	Clarisia_racemosa	Clarisia	Moraceae
Saguinus_fuscicollis	Ficus_americana	Ficus	Moraceae
Saguinus_fuscicollis	Ficus_insipida	Ficus	Moraceae
Saguinus_fuscicollis	Ficus_krukovii	Ficus	Moraceae
Saguinus_fuscicollis	Ficus_mathewsii	Ficus	Moraceae
Saguinus_fuscicollis	Ficus_pertusa	Ficus	Moraceae
Saguinus_fuscicollis	Helicostylis_scabra	Helicostylis	Moraceae
Saguinus_fuscicollis	Maclura_tinctoria	Maclura	Moraceae
Saguinus_fuscicollis	Naucleopsis_imitans	Naucleopsis	Moraceae
Saguinus_fuscicollis	Naucleopsis_oblongifolia	Naucleopsis	Moraceae
Saguinus_fuscicollis	Naucleopsis_ulei	Naucleopsis	Moraceae
Saguinus_fuscicollis	Virola_obovata	Virola	Myristicaceae
Saguinus_fuscicollis	Myrcia_paivae	Myrcia	Myrtaceae
Saguinus_fuscicollis	Neea_floribunda	Neea	Nyctaginaceae
Saguinus_fuscicollis	Neea_macrophylla	Neea	Nyctaginaceae
Saguinus_fuscicollis	Neea_virens	Neea	Nyctaginaceae
Saguinus_fuscicollis	Moutabea_aculeata	Moutabea	Polygalaceae
Saguinus_fuscicollis	Coccoloba_densifrons	Coccoloba	Polygonaceae
Saguinus_fuscicollis	Duroia_hirsuta	Duroia	Rubiaceae
Saguinus_fuscicollis	Duroia_saccifera	Duroia	Rubiaceae
Saguinus_fuscicollis	Pagamea_coriacea	Pagamea	Rubiaceae
Saguinus_fuscicollis	Pentagonia_spathicalyx	Pentagonia	Rubiaceae
Saguinus_fuscicollis	Casearia_pitumba	Casearia	Salicaceae
Saguinus_fuscicollis	Paullinia_clathrata	Paullinia	Sapindaceae
Saguinus_fuscicollis	Talisia_macrophylla	Talisia	Sapindaceae
Saguinus_fuscicollis	Talisia_nervosa	Talisia	Sapindaceae
Saguinus_fuscicollis	Chrysophyllum_argenteum	Chrysophyllum	Sapotaceae
Saguinus_fuscicollis	Ecclinusa_lanceolata	Ecclinusa	Sapotaceae
Saguinus_fuscicollis	Manilkara_bidentata	Manilkara	Sapotaceae
Saguinus_fuscicollis	Micropholis_brochidodroma	Micropholis	Sapotaceae
Saguinus_fuscicollis	Micropholis_cylindrocarpa	Micropholis	Sapotaceae
Saguinus_fuscicollis	Micropholis_egensis	Micropholis	Sapotaceae
Saguinus_fuscicollis	Micropholis_venulosa	Micropholis	Sapotaceae
Saguinus_fuscicollis	Simaba_orinocensis	Simaba	Simaroubaceae
Saguinus_fuscicollis	Discophora_guianensis	Discophora	Stemonuraceae
Saguinus_fuscicollis	Cecropia_sciadophylla	Cecropia	Urticaceae
Saguinus_fuscicollis	Pourouma_acuminata	Pourouma	Urticaceae
Saguinus_fuscicollis	Pourouma_bicolor	Pourouma	Urticaceae
Saguinus_fuscicollis	Pourouma_cecropiifolia	Pourouma	Urticaceae
Saguinus_fuscicollis	Pourouma_cucura	Pourouma	Urticaceae
Saguinus_fuscicollis	Pourouma_guianensis	Pourouma	Urticaceae
Saguinus_fuscicollis	Pourouma_mollis	Pourouma	Urticaceae
Saguinus_fuscicollis	Pourouma_phaeotricha	Pourouma	Urticaceae
Saguinus_fuscicollis	Pourouma_tomentosa	Pourouma	Urticaceae
Saguinus_fuscicollis	Leonia_crassa	Leonia	Violaceae
Saguinus_fuscicollis	Leonia_cymosa	Leonia	Violaceae
Saguinus_fuscicollis	Leonia_glycycarpa	Leonia	Violaceae
Saguinus_fuscicollis	Cissus_biformifolia	Cissus	Vitaceae
Saguinus_fuscicollis	Cissus_verticillata	Cissus	Vitaceae
Saguinus_geoffroyi	Annona_acuminata	Annona	Annonaceae
Saguinus_geoffroyi	Inga_oerstediana	Inga	Fabaceae
Saguinus_midas	Tetragastris_altissima	Tetragastris	Burseraceae
Saguinus_midas	Inga_alba	Inga	Fabaceae
Saguinus_mystax	Mendoncia_klugii	Mendoncia	Acanthaceae
Saguinus_mystax	Mendoncia_sprucei	Mendoncia	Acanthaceae
Saguinus_mystax	Tapirira_guianensis	Tapirira	Anacardiaceae
Saguinus_mystax	Tapirira_obtusa	Tapirira	Anacardiaceae
Saguinus_mystax	Tapirira_retusa	Tapirira	Anacardiaceae
Saguinus_mystax	Annona_duckei	Annona	Annonaceae
Saguinus_mystax	Annona_edulis	Annona	Annonaceae
Saguinus_mystax	Froesiodendron_amazonicum	Froesiodendron	Annonaceae
Saguinus_mystax	Guatteria_decurrens	Guatteria	Annonaceae
Saguinus_mystax	Guatteria_guianensis	Guatteria	Annonaceae
Saguinus_mystax	Guatteria_megalophylla	Guatteria	Annonaceae
Saguinus_mystax	Polyalthia_motleyana	Polyalthia	Annonaceae
Saguinus_mystax	Unonopsis_stipitata	Unonopsis	Annonaceae
Saguinus_mystax	Couma_macrocarpa	Couma	Apocynaceae
Saguinus_mystax	Lacmellea_peruviana	Lacmellea	Apocynaceae
Saguinus_mystax	Heteropsis_oblongifolia	Heteropsis	Araceae
Saguinus_mystax	Heteropsis_spruceana	Heteropsis	Araceae
Saguinus_mystax	Bactris_maraja	Bactris	Arecaceae
Saguinus_mystax	Cordia_nodosa	Cordia	Boraginaceae
Saguinus_mystax	Cordia_trachyphylla	Cordia	Boraginaceae
Saguinus_mystax	Cordia_ucayaliensis	Cordia	Boraginaceae
Saguinus_mystax	Protium_hebetatum	Protium	Burseraceae
Saguinus_mystax	Dendrobangia_boliviana	Dendrobangia	Cardiopteridaceae
Saguinus_mystax	Cheiloclinium_hippocrateoides	Cheiloclinium	Celastraceae
Saguinus_mystax	Salacia_alwynii	Salacia	Celastraceae
Saguinus_mystax	Salacia_caloneura	Salacia	Celastraceae
Saguinus_mystax	Salacia_impressifolia	Salacia	Celastraceae
Saguinus_mystax	Couepia_paraensis	Couepia	Chrysobalanaceae
Saguinus_mystax	Licania_micrantha	Licania	Chrysobalanaceae
Saguinus_mystax	Garcinia_macrophylla	Garcinia	Clusiaceae
Saguinus_mystax	Garcinia_ovalifolia	Garcinia	Clusiaceae
Saguinus_mystax	Buchenavia_grandis	Buchenavia	Combretaceae
Saguinus_mystax	Buchenavia_parvifolia	Buchenavia	Combretaceae
Saguinus_mystax	Buchenavia_viridiflora	Buchenavia	Combretaceae
Saguinus_mystax	Dicranostyles_scandens	Dicranostyles	Convolvulaceae
Saguinus_mystax	Maripa_peruviana	Maripa	Convolvulaceae
Saguinus_mystax	Asplundia_peruviana	Asplundia	Cyclanthaceae
Saguinus_mystax	Cyclanthus_bipartitus	Cyclanthus	Cyclanthaceae
Saguinus_mystax	Tapura_amazonica	Tapura	Dichapetalaceae
Saguinus_mystax	Tapura_coriacea	Tapura	Dichapetalaceae
Saguinus_mystax	Pinzona_coriacea	Pinzona	Dilleniaceae
Saguinus_mystax	Bauhinia_smilacina	Bauhinia	Fabaceae
Saguinus_mystax	Inga_acrocephala	Inga	Fabaceae
Saguinus_mystax	Inga_alba	Inga	Fabaceae
Saguinus_mystax	Inga_aria	Inga	Fabaceae
Saguinus_mystax	Inga_auristellae	Inga	Fabaceae
Saguinus_mystax	Inga_brachystachys	Inga	Fabaceae
Saguinus_mystax	Inga_cordatoalata	Inga	Fabaceae
Saguinus_mystax	Inga_densiflora	Inga	Fabaceae
Saguinus_mystax	Inga_gracilifolia	Inga	Fabaceae
Saguinus_mystax	Inga_gracilior	Inga	Fabaceae
Saguinus_mystax	Inga_lopadadenia	Inga	Fabaceae
Saguinus_mystax	Inga_loretana	Inga	Fabaceae
Saguinus_mystax	Inga_megaphylla	Inga	Fabaceae
Saguinus_mystax	Inga_nobilis	Inga	Fabaceae
Saguinus_mystax	Inga_oerstediana	Inga	Fabaceae
Saguinus_mystax	Inga_pruriens	Inga	Fabaceae
Saguinus_mystax	Inga_ruiziana	Inga	Fabaceae
Saguinus_mystax	Inga_semialata	Inga	Fabaceae
Saguinus_mystax	Inga_sertulifera	Inga	Fabaceae
Saguinus_mystax	Inga_striolata	Inga	Fabaceae
Saguinus_mystax	Inga_thibaudiana	Inga	Fabaceae
Saguinus_mystax	Parkia_igneiflora	Parkia	Fabaceae
Saguinus_mystax	Parkia_multijuga	Parkia	Fabaceae
Saguinus_mystax	Parkia_nitida	Parkia	Fabaceae
Saguinus_mystax	Parkia_panurensis	Parkia	Fabaceae
Saguinus_mystax	Goupia_glabra	Goupia	Goupiaceae
Saguinus_mystax	Ocotea_amazonica	Ocotea	Lauraceae
Saguinus_mystax	Roucheria_columbiana	Roucheria	Linaceae
Saguinus_mystax	Roucheria_schomburgkii	Roucheria	Linaceae
Saguinus_mystax	Strychnos_guianensis	Strychnos	Loganiaceae
Saguinus_mystax	Strychnos_jobertiana	Strychnos	Loganiaceae
Saguinus_mystax	Strychnos_panurensis	Strychnos	Loganiaceae
Saguinus_mystax	Strychnos_rondeletioides	Strychnos	Loganiaceae
Saguinus_mystax	Byrsonima_poeppigiana	Byrsonima	Malpighiaceae
Saguinus_mystax	Matisia_bracteolosa	Matisia	Malvaceae
Saguinus_mystax	Theobroma_obovatum	Theobroma	Malvaceae
Saguinus_mystax	Marcgravia_longifolia	Marcgravia	Marcgraviaceae
Saguinus_mystax	Souroubea_crassipetala	Souroubea	Marcgraviaceae
Saguinus_mystax	Bellucia_pentamera	Bellucia	Melastomataceae
Saguinus_mystax	Miconia_lourteigiana	Miconia	Melastomataceae
Saguinus_mystax	Tococa_guianensis	Tococa	Melastomataceae
Saguinus_mystax	Abuta_fluminum	Abuta	Menispermaceae
Saguinus_mystax	Abuta_grandifolia	Abuta	Menispermaceae
Saguinus_mystax	Abuta_obovata	Abuta	Menispermaceae
Saguinus_mystax	Abuta_pahnii	Abuta	Menispermaceae
Saguinus_mystax	Abuta_rufescens	Abuta	Menispermaceae
Saguinus_mystax	Anomospermum_grandifolium	Anomospermum	Menispermaceae
Saguinus_mystax	Anomospermum_solimoesanum	Anomospermum	Menispermaceae
Saguinus_mystax	Borismene_japurensis	Borismene	Menispermaceae
Saguinus_mystax	Odontocarya_ulei	Odontocarya	Menispermaceae
Saguinus_mystax	Sciadotenia_mathiasiana	Sciadotenia	Menispermaceae
Saguinus_mystax	Telitoxicum_minutiflorum	Telitoxicum	Menispermaceae
Saguinus_mystax	Clarisia_racemosa	Clarisia	Moraceae
Saguinus_mystax	Ficus_americana	Ficus	Moraceae
Saguinus_mystax	Ficus_insipida	Ficus	Moraceae
Saguinus_mystax	Ficus_krukovii	Ficus	Moraceae
Saguinus_mystax	Ficus_mathewsii	Ficus	Moraceae
Saguinus_mystax	Ficus_pertusa	Ficus	Moraceae
Saguinus_mystax	Helicostylis_scabra	Helicostylis	Moraceae
Saguinus_mystax	Maclura_tinctoria	Maclura	Moraceae
Saguinus_mystax	Naucleopsis_imitans	Naucleopsis	Moraceae
Saguinus_mystax	Naucleopsis_oblongifolia	Naucleopsis	Moraceae
Saguinus_mystax	Naucleopsis_ulei	Naucleopsis	Moraceae
Saguinus_mystax	Sorocea_pubivena	Sorocea	Moraceae
Saguinus_mystax	Virola_obovata	Virola	Myristicaceae
Saguinus_mystax	Myrcia_paivae	Myrcia	Myrtaceae
Saguinus_mystax	Neea_floribunda	Neea	Nyctaginaceae
Saguinus_mystax	Neea_virens	Neea	Nyctaginaceae
Saguinus_mystax	Moutabea_aculeata	Moutabea	Polygalaceae
Saguinus_mystax	Coccoloba_densifrons	Coccoloba	Polygonaceae
Saguinus_mystax	Duroia_hirsuta	Duroia	Rubiaceae
Saguinus_mystax	Duroia_saccifera	Duroia	Rubiaceae
Saguinus_mystax	Pagamea_coriacea	Pagamea	Rubiaceae
Saguinus_mystax	Casearia_pitumba	Casearia	Salicaceae
Saguinus_mystax	Paullinia_clathrata	Paullinia	Sapindaceae
Saguinus_mystax	Talisia_macrophylla	Talisia	Sapindaceae
Saguinus_mystax	Talisia_nervosa	Talisia	Sapindaceae
Saguinus_mystax	Chrysophyllum_argenteum	Chrysophyllum	Sapotaceae
Saguinus_mystax	Chrysophyllum_manaosense	Chrysophyllum	Sapotaceae
Saguinus_mystax	Ecclinusa_lanceolata	Ecclinusa	Sapotaceae
Saguinus_mystax	Manilkara_bidentata	Manilkara	Sapotaceae
Saguinus_mystax	Micropholis_brochidodroma	Micropholis	Sapotaceae
Saguinus_mystax	Micropholis_cylindrocarpa	Micropholis	Sapotaceae
Saguinus_mystax	Micropholis_egensis	Micropholis	Sapotaceae
Saguinus_mystax	Micropholis_venulosa	Micropholis	Sapotaceae
Saguinus_mystax	Simaba_orinocensis	Simaba	Simaroubaceae
Saguinus_mystax	Discophora_guianensis	Discophora	Stemonuraceae
Saguinus_mystax	Cecropia_sciadophylla	Cecropia	Urticaceae
Saguinus_mystax	Pourouma_acuminata	Pourouma	Urticaceae
Saguinus_mystax	Pourouma_bicolor	Pourouma	Urticaceae
Saguinus_mystax	Pourouma_cecropiifolia	Pourouma	Urticaceae
Saguinus_mystax	Pourouma_cucura	Pourouma	Urticaceae
Saguinus_mystax	Pourouma_guianensis	Pourouma	Urticaceae
Saguinus_mystax	Pourouma_mollis	Pourouma	Urticaceae
Saguinus_mystax	Pourouma_phaeotricha	Pourouma	Urticaceae
Saguinus_mystax	Pourouma_tomentosa	Pourouma	Urticaceae
Saguinus_mystax	Leonia_crassa	Leonia	Violaceae
Saguinus_mystax	Leonia_cymosa	Leonia	Violaceae
Saguinus_mystax	Leonia_glycycarpa	Leonia	Violaceae
Saguinus_mystax	Cissus_biformifolia	Cissus	Vitaceae
Saguinus_mystax	Cissus_verticillata	Cissus	Vitaceae
Sapajus_apella	Ziziphus_cinnamomum	Ziziphus	Rhamnaceae
Sapajus_apella	Manilkara_bidentata	Manilkara	Sapotaceae
Sapajus_flavius	Miconia_cinnamomifolia	Miconia	Melastomataceae
Sapajus_libidinosus	Xylopia_aromatica	Xylopia	Annonaceae
Sapajus_libidinosus	Bromelia_karatas	Bromelia	Bromeliaceae
Sapajus_libidinosus	Copaifera_langsdorfii	Copaifera	Fabaceae
Sapajus_libidinosus	Guazuma_ulmifolia	Guazuma	Malvaceae
Sapajus_libidinosus	Brosimum_alicastrum	Brosimum	Moraceae
Sapajus_libidinosus	Ficus_gomelleira	Ficus	Moraceae
Sapajus_libidinosus	Ficus_insipida	Ficus	Moraceae
Sapajus_libidinosus	Psidium_guajava	Psidium	Myrtaceae
Sapajus_libidinosus	Ziziphus_joazeiro	Ziziphus	Rhamnaceae
Sapajus_libidinosus	Casearia_gossypiosperma	Casearia	Salicaceae
Sapajus_libidinosus	Casearia_obliqua	Casearia	Salicaceae
Sapajus_libidinosus	Prockia_crucis	Prockia	Salicaceae
Sapajus_libidinosus	Cecropia_hololeuca	Cecropia	Urticaceae
Sapajus_libidinosus	Cecropia_pachystachya	Cecropia	Urticaceae
Sapajus_libidinosus	Urera_baccifera	Urera	Urticaceae
Sapajus_nigritus	Mendoncia_velloziana	Mendoncia	Acanthaceae
Sapajus_nigritus	Annona_neosericea	Annona	Annonaceae
Sapajus_nigritus	Rollinia_sericea	Rollinia	Annonaceae
Sapajus_nigritus	Anthurium_crassinervium	Anthurium	Araceae
Sapajus_nigritus	Anthurium_harrisii	Anthurium	Araceae
Sapajus_nigritus	Heteropsis_oblongifolia	Heteropsis	Araceae
Sapajus_nigritus	Monstera_adansonii	Monstera	Araceae
Sapajus_nigritus	Philodendron_appendiculatum	Philodendron	Araceae
Sapajus_nigritus	Philodendron_corcovadense	Philodendron	Araceae
Sapajus_nigritus	Philodendron_crassinervium	Philodendron	Araceae
Sapajus_nigritus	Philodendron_eximium	Philodendron	Araceae
Sapajus_nigritus	Philodendron_obliquifolium	Philodendron	Araceae
Sapajus_nigritus	Philodendron_oblongum	Philodendron	Araceae
Sapajus_nigritus	Schlegelia_parviflora	Schlegelia	Bignoniaceae
Sapajus_nigritus	Cordia_ecalyculata	Cordia	Boraginaceae
Sapajus_nigritus	Pereskia_aculeata	Pereskia	Cactaceae
Sapajus_nigritus	Celtis_ehrenbergiana	Celtis	Cannabaceae
Sapajus_nigritus	Celtis_iguanaea	Celtis	Cannabaceae
Sapajus_nigritus	Celtis_tala	Celtis	Cannabaceae
Sapajus_nigritus	Clusia_criuva	Clusia	Clusiaceae
Sapajus_nigritus	Clusia_parviflora	Clusia	Clusiaceae
Sapajus_nigritus	Sloanea_guianensis	Sloanea	Elaeocarpaceae
Sapajus_nigritus	Hymenaea_altissima	Hymenaea	Fabaceae
Sapajus_nigritus	Inga_edulis	Inga	Fabaceae
Sapajus_nigritus	Inga_marginata	Inga	Fabaceae
Sapajus_nigritus	Inga_semialata	Inga	Fabaceae
Sapajus_nigritus	Inga_uruguensis	Inga	Fabaceae
Sapajus_nigritus	Inga_vera	Inga	Fabaceae
Sapajus_nigritus	Vantanea_compacta	Vantanea	Humiriaceae
Sapajus_nigritus	Cryptocarya_mandioccana	Cryptocarya	Lauraceae
Sapajus_nigritus	Cryptocarya_moschata	Cryptocarya	Lauraceae
Sapajus_nigritus	Endlicheria_paniculata	Endlicheria	Lauraceae
Sapajus_nigritus	Guazuma_ulmifolia	Guazuma	Malvaceae
Sapajus_nigritus	Marcgravia_polyantha	Marcgravia	Marcgraviaceae
Sapajus_nigritus	Schwartzia_brasiliensis	Schwartzia	Marcgraviaceae
Sapajus_nigritus	Miconia_cinnamomifolia	Miconia	Melastomataceae
Sapajus_nigritus	Miconia_inaequidens	Miconia	Melastomataceae
Sapajus_nigritus	Miconia_pusilliflora	Miconia	Melastomataceae
Sapajus_nigritus	Abuta_selloana	Abuta	Menispermaceae
Sapajus_nigritus	Ficus_enormis	Ficus	Moraceae
Sapajus_nigritus	Ficus_eximia	Ficus	Moraceae
Sapajus_nigritus	Ficus_gomelleira	Ficus	Moraceae
Sapajus_nigritus	Ficus_insipida	Ficus	Moraceae
Sapajus_nigritus	Ficus_luschnathiana	Ficus	Moraceae
Sapajus_nigritus	Ficus_luschthia	Ficus	Moraceae
Sapajus_nigritus	Maclura_tinctoria	Maclura	Moraceae
Sapajus_nigritus	Musa_rosacea	Musa	Musaceae
Sapajus_nigritus	Virola_bicuhyba	Virola	Myristicaceae
Sapajus_nigritus	Campomanesia_neriiflora	Campomanesia	Myrtaceae
Sapajus_nigritus	Campomanesia_xanthocarpa	Campomanesia	Myrtaceae
Sapajus_nigritus	Psidium_guajava	Psidium	Myrtaceae
Sapajus_nigritus	Heisteria_silvianii	Heisteria	Olacaceae
Sapajus_nigritus	Hieronyma_alchorneoides	Hieronyma	Phyllanthaceae
Sapajus_nigritus	Piper_aduncum	Piper	Piperaceae
Sapajus_nigritus	Piper_amalago	Piper	Piperaceae
Sapajus_nigritus	Piper_crassinervium	Piper	Piperaceae
Sapajus_nigritus	Diclidanthera_laurifolia	Diclidanthera	Polygalaceae
Sapajus_nigritus	Coffea_arabica	Coffea	Rubiaceae
Sapajus_nigritus	Posoqueria_acutifolia	Posoqueria	Rubiaceae
Sapajus_nigritus	Posoqueria_latifolia	Posoqueria	Rubiaceae
Sapajus_nigritus	Psychotria_mapourioides	Psychotria	Rubiaceae
Sapajus_nigritus	Psychotria_suterella	Psychotria	Rubiaceae
Sapajus_nigritus	Paullinia_pinnata	Paullinia	Sapindaceae
Sapajus_nigritus	Chrysophyllum_viride	Chrysophyllum	Sapotaceae
Sapajus_nigritus	Siparuna_guianensis	Siparuna	Siparunaceae
Sapajus_nigritus	Solanum_argenteum	Solanum	Solanaceae
Sapajus_nigritus	Solanum_granulosoleprosum	Solanum	Solanaceae
Sapajus_nigritus	Cecropia_glaziovii	Cecropia	Urticaceae
Sapajus_nigritus	Cecropia_hololeuca	Cecropia	Urticaceae
Sapajus_nigritus	Cecropia_pachystachya	Cecropia	Urticaceae
Sapajus_nigritus	Pourouma_guianensis	Pourouma	Urticaceae
Sapajus_nigritus	Urera_baccifera	Urera	Urticaceae
Sapajus_robustus	Ficus_arpazusa	Ficus	Moraceae
Sapajus_robustus	Ficus_clusiifolia	Ficus	Moraceae
Sapajus_robustus	Ficus_mariae	Ficus	Moraceae
Sapajus_robustus	Ficus_pulchella	Ficus	Moraceae
Sapajus_robustus	Cecropia_glaziovii	Cecropia	Urticaceae
Sapajus_robustus	Cecropia_hololeuca	Cecropia	Urticaceae
Sapajus_robustus	Cecropia_pachystachya	Cecropia	Urticaceae
Sapajus_xanthosternos	Mendoncia_bahiensis	Mendoncia	Acanthaceae
Sapajus_xanthosternos	Tapirira_guianensis	Tapirira	Anacardiaceae
Sapajus_xanthosternos	Annona_salzmannii	Annona	Annonaceae
Sapajus_xanthosternos	Xylopia_sericea	Xylopia	Annonaceae
Sapajus_xanthosternos	Macoubea_guianensis	Macoubea	Apocynaceae
Sapajus_xanthosternos	Philodendron_hederaceum	Philodendron	Araceae
Sapajus_xanthosternos	Aechmea_conifera	Aechmea	Bromeliaceae
Sapajus_xanthosternos	Protium_warmingianum	Protium	Burseraceae
Sapajus_xanthosternos	Buchenavia_hoehneana	Buchenavia	Combretaceae
Sapajus_xanthosternos	Dalechampia_ilheotica	Dalechampia	Euphorbiaceae
Sapajus_xanthosternos	Inga_edulis	Inga	Fabaceae
Sapajus_xanthosternos	Inga_subnuda	Inga	Fabaceae
Sapajus_xanthosternos	Theobroma_cacao	Theobroma	Malvaceae
Sapajus_xanthosternos	Henriettea_succosa	Henriettea	Melastomataceae
Sapajus_xanthosternos	Miconia_amoena	Miconia	Melastomataceae
Sapajus_xanthosternos	Miconia_cinnamomifolia	Miconia	Melastomataceae
Sapajus_xanthosternos	Miconia_hypoleuca	Miconia	Melastomataceae
Sapajus_xanthosternos	Miconia_prasina	Miconia	Melastomataceae
Sapajus_xanthosternos	Anomospermum_reticulatum	Anomospermum	Menispermaceae
Sapajus_xanthosternos	Chondrodendron_microphyllum	Chondrodendron	Menispermaceae
Sapajus_xanthosternos	Orthomene_schomburgkii	Orthomene	Menispermaceae
Sapajus_xanthosternos	Brosimum_rubescens	Brosimum	Moraceae
Sapajus_xanthosternos	Ficus_hirsuta	Ficus	Moraceae
Sapajus_xanthosternos	Helicostylis_tomentosa	Helicostylis	Moraceae
Sapajus_xanthosternos	Campomanesia_dichotoma	Campomanesia	Myrtaceae
Sapajus_xanthosternos	Campomanesia_guaviroba	Campomanesia	Myrtaceae
Sapajus_xanthosternos	Myrcia_hirtiflora	Myrcia	Myrtaceae
Sapajus_xanthosternos	Myrcia_racemosa	Myrcia	Myrtaceae
Sapajus_xanthosternos	Guapira_opposita	Guapira	Nyctaginaceae
Sapajus_xanthosternos	Heisteria_perianthomega	Heisteria	Olacaceae
Sapajus_xanthosternos	Passiflora_haematostigma	Passiflora	Passifloraceae
Sapajus_xanthosternos	Pera_glabrata	Pera	Peraceae
Sapajus_xanthosternos	Faramea_nocturna	Faramea	Rubiaceae
Sapajus_xanthosternos	Guettarda_viburnoides	Guettarda	Rubiaceae
Sapajus_xanthosternos	Posoqueria_latifolia	Posoqueria	Rubiaceae
Sapajus_xanthosternos	Micropholis_guyanensis	Micropholis	Sapotaceae
Sapajus_xanthosternos	Micropholis_venulosa	Micropholis	Sapotaceae
Sapajus_xanthosternos	Solanum_rupincola	Solanum	Solanaceae
Sapajus_xanthosternos	Pourouma_mollis	Pourouma	Urticaceae
Sapajus_xanthosternos	Pourouma_velutina	Pourouma	Urticaceae
Sapajus_xanthosternos	Cissus_stipulata	Cissus	Vitaceae